"id","DTS","DTA","LPCs","PCs","CE_20_3","DG_34_2","DG_36_2","DG_36_3","DG_36_4","LPC_16_0","LPC_18_0","LPC_18_1","LPC_18_2","LPC_18_3","PC_16_0_9_0_CHO","PC_32_0","PC_32_1","PC_32_2","PC_33_2","PC_34_1","PC_34_2","PC_34_3","PC_34_4","PC_35_1","PC_35_2","PC_35_3","PC36_1","PC_36_2","PC_36_3_A","PC_36_3_B","PC_36_4_A","PC_36_4_C","PC_36_5_A","PC_36_5_B","PC_37_3","PC_38_2","PC_38_3_K","PC_38_5_A","PC_p_34_2_PC_o_34_3","PC_p_36_3_PC_o_36_4","PC_p_36_4_PC_o_36_5","PE_34_2","SM_d32_1","SM_d36_1","TG_46_0","TG_46_3","TG_48_0","TG_48_1","TG_48_2","TG_48_3","TG_50_0","TG_50_1","TG_50_2","TG_50_3","TG_50_4","TG_50_5","TG_52_0","TG_52_1","TG_52_2","TG_52_3","TG_52_4","TG_52_5","TG_52_6","TG_54_1","TG_54_2","TG_54_3","TG_54_4","TG_54_5","TG_54_6","TG_54_8","TG_56_4","DGs","SMs","TGs","LPC_PC","LPC_PC_309","LPC_PC_387","PC_TG_878","PC_TG_1670","PC_TG_1671","PC_TG_1680"
"LANMLR17B002",82.8,77.6666666666667,2873655,11101632,22864.6666666667,120042,NA,4329.33333333333,64996.3333333333,63052,7825.33333333333,52213.6,1783016,970678.2,16388,37727.2,12842.2,18839.2,41877.2,193100.2,3073288,2242084.2,39132.8,NA,54410.4,43296.8,15853.2,323113.6,244800.4,313344.8,1770405.6,10985,3225894.2,14208.5,62844,11607.4,9834.4,15138.6,NA,6754,NA,224900.8,6983,3333.5,14162,NA,80859.2,2729.5,3563.5,NA,4833,17606.4,34032,23193,NA,14696.5,3930.5,12676,22417.2,26240.8,281653.666666667,483989.333333333,159853.8,NA,6567.4,17035.2,70062.8,103872.75,512352.333333333,1446882,NA,113620.6,6919.8,2187445.4,-1.92376815937363,2.53586154755685,-0.86609602822633,6.74194248280857,5.85197682200578,5.03610070655891,4.66248321966402
"LANMLR17B003",92.1666666666667,91.3333333333333,232989,13408642.3333333,8765,93774.75,NA,3358.33333333333,77134.25,81873.5,4909.25,4107.66666666667,104663,39072,8210,44637,28815.5,35237.5,69139.6666666667,387358.166666667,3662038,2512852,41432.6666666667,NA,76632.5,61720.5,25641.8333333333,469868.166666667,445514.166666667,479929,1938336.66666667,15952.3333333333,3665343.5,26297.5,55935.5,16288.1666666667,16840.8,26658.5,NA,4571.66666666667,NA,484748.5,4684.2,5097,6803.66666666667,1461,19442.1666666667,3384,3299.5,539,4356,15884.1666666667,28092.8333333333,12891.3333333333,549,4083,2538,9686,17316,20737.5,210452.25,343362.75,123037,NA,5678.8,10291.3333333333,43377.1666666667,69478.8,494577,1290925.33333333,1449,115618.5,5602.5,1623080.5,-5.96779239852176,-2.3535339774259,-5.36728172967934,8.80760521690355,6.41921410018655,5.70297044596235,5.35269772253755
"LANMLR17B007",96.75,82.6666666666667,2948859.5,11698116,19449,96580,3978,6890.5,40049,129774.75,19073.3333333333,72915,1982944.25,748920.5,22569,48054.5,13756.25,23342,52608,283521,3770067.5,1764869.5,29912.75,6762,59028.5,37342,21349.25,409009.5,327997,261514.5,2103449.25,NA,2425941.75,16892,15474,14966.5,14128.5,11480,NA,11671.5,54221,178565,8391.5,5641,10714,1297,37357,8034.5,4495,483,6708,97864.75,65643.5,14869,2786,5039,4592,72402,151289.25,135735,349028.666666667,377363.333333333,86587,24179,40149.3333333333,76800.5,142822.75,152003.333333333,758145,1465640,3613.5,82766.5,5606,2090450.75,-2.10996095760926,2.84823199254551,-0.396325280085184,8.10507392969331,6.2146502493985,5.32816990673883,5.6480149248136
"LANMLR17B011",94.75,94.25,2749661.25,7773313.5,15662,79989.5,NA,5824,61985.75,83124.5,12889,62689.25,2072867.5,518091,9920,53577.75,5993.75,18051.25,79270.25,166643.25,2102296.66666667,1617667.5,25632.75,NA,57924.25,45709.75,12006.25,179443.75,236162,206781,1327008,15056,2121395.5,NA,NA,6740.75,14364,8179.75,NA,39087.5,NA,238416.25,8358,NA,9606.5,16236.5,18898,NA,NA,15013.5,NA,9733.75,53202.75,63059.5,14860,49235.5,NA,NA,20982.5,33579,349467.25,555307.75,324050.75,NA,2907,12740.25,60951,146357.5,932060.5,1949792,4521.5,144887.25,8358,3113916.75,-1.5973919947102,3.31248662546279,-0.0193203558195565,6.94200062379509,2.98556476270557,2.56732598089707,2.28402931743656
"LANMLR17B012",53.3333333333333,75,3117767.75,10206222.25,19500.5,70239.3333333333,4819,5692.66666666667,37419.75,83756.25,20107.75,59718.5,1979773.25,974412,10263,51800.25,11093.25,15097,91696.5,268129.75,3288532.66666667,2105256.5,35001,3728,60551.25,74452.75,21120.75,225971,286366.25,288916.75,1666542.75,15906.5,2474518.25,21784,11944,13046,10062,21128.25,NA,41253,29323,326741.75,26060.3333333333,NA,11888.5,13284,26408.75,6183,NA,13744,1863,26270.25,81551,102559,31834.5,12857.5,NA,8501,40886.75,81766.75,352094.25,496072.75,314944,3220,7982,27671.75,76119.75,176696,329986,974813,18257.5,95573.5,19545.25,2380529.25,-1.73961836732309,2.73777068583304,0.681505988570611,6.81755277657537,2.59460705975386,2.85822799577371,2.56237004217082
"LANMLR17B013",90.6,85.4,3512799,9960962.8,16142,111994,14015,7889.33333333333,55228.25,98583,20816.5,84627.6,2436457.4,876477.8,14625.25,86233.2,12251.8,18466.2,141748.25,223411.2,3211654.2,1867175.2,24176,6781,70977.2,65564.8,30102.4,338122.2,265727.8,287846,1685119.6,11940,1561428.4,23683.5,25290.5,18068,12910.6666666667,16156.4,NA,89545.5,70997,259315.6,26213,232485,14946,9895,76824.6,7788.5,5048,6334,49419,25118,59316,47023.6666666667,4672.5,10876,109109,8510.5,41454.4,52364.6,445266,514850.5,174462,7869,10829,24877.8,86119,171187.4,994323.5,1300683,7303,118915.6,62224.8,2471037,-1.7587653637086,3.00380752489221,1.92277301272909,5.86387146991064,4.25194037943733,3.70587920147463,3.68776522729643
"LANMLR17B018",51.3333333333333,51.6666666666667,3386156.33333333,11057294,14955.5,84144.5,7947,5644.33333333333,34338.3333333333,59100.6666666667,20531.3333333333,87367.3333333333,2065809.66666667,1153347.33333333,15573.3333333333,37078,7701.33333333333,11839,35173,221991.666666667,3350084,2218067.66666667,29182.3333333333,8010,34903.6666666667,12438.6666666667,15259,198608.333333333,290601.333333333,156238,1956252.66666667,NA,2422447.33333333,32189,18816,5515.33333333333,7276,13865.3333333333,NA,NA,45632,284948,10165.5,NA,21141.5,NA,79876.6666666667,10606,NA,NA,2589,12036,27823.6666666667,18930,2850,3967,NA,11241,17446,40873.6666666667,328990.333333333,390443.333333333,133616,7342,4989.66666666667,13710,58946.6666666667,174016,618999.5,1139513,1859,98728,6777,2444460,-1.94689939442776,3.56788904291806,1.47639605556786,5.69342857600798,3.88493809319549,3.909972724115,3.55628653297763
"LANMLR17B019",53,49.6666666666667,3833014.66666667,9926379.33333333,8341,56078,17101,6768.5,28659.6666666667,207634.333333333,34567,75349.3333333333,2054278.66666667,1461185.33333333,67737.3333333333,31082.3333333333,5581.33333333333,13926.6666666667,80549.3333333333,170431.333333333,3252397.33333333,2103706.33333333,27661.3333333333,3970,42038.3333333333,31719,19201.6666666667,382289.666666667,200467.666666667,322966.333333333,1715623.66666667,NA,1407694.66666667,30801,19399,13373.3333333333,6905,12452.3333333333,NA,1834,71134,258731.333333333,16272,NA,10782,352,9812.66666666667,8647,NA,649,7003,49523.3333333333,61762.3333333333,16873,4153.5,4643.5,NA,11274,75241.3333333333,112369.333333333,424737,549750,180096.5,8227,26296.5,40367,161158,183715.333333333,515909,1342365,6843.5,76257.6666666667,10848,2462776.66666667,-1.37640340314004,3.08131454458854,2.07508070595624,8.49680879627178,6.11192623537297,6.06135484955418,5.68101853382793
"LANMLR17B021",91.8333333333333,89.5,282754.833333333,12020982.6666667,12476.25,116613.4,NA,4225.25,96808.4,109223.833333333,7889.2,3140.16666666667,121803.833333333,42012.6666666667,3961.8,30652.8333333333,9668.5,23211.1666666667,71620,262947.333333333,2863066.8,2193447.33333333,40830.5,NA,59513.3333333333,36280.6666666667,17432.3333333333,341203.5,353572.833333333,375932.5,1900130,17724,3858573,41811,38108,12770.1666666667,19550.8,26062.3333333333,NA,8430,NA,513064.166666667,8834,12879,13075.75,2026,102889,4869,4384,797,28437,9396,26592.1666666667,17744.5,905,10868.5,23694,6131,15571.8333333333,24727.5,227143,362705.6,148861,NA,6047.2,10852.1666666667,58484.1666666667,116350.5,698209.25,1348205.5,1449,180668.333333333,9508.16666666667,2404950.83333333,-5.47012369794508,-1.71695322669518,-4.99498732041463,5.29559949722804,4.71924191672348,4.92635289265041,4.71930923774408
"LANMLR17B023",86.4,92.75,1075364.4,12391250.6,14617,114360,NA,8102,94696,75550.2,8528,37274,706256.6,251166.8,13415,113219.8,18982.8,22853,63887,439284.2,3006065.8,1976659.2,34434.4,NA,107083.6,81154.2,43973,501799,546152.4,431600,2056855.8,19740.3333333333,2857245.4,16094.5,34506,18027,16035.8,27841,24295,67694.5,NA,381464.4,5397.66666666667,99475,9172,NA,59076.8,13149,9457.5,NA,31553,18940.8,41696.2,50563,NA,11858,39368.5,11627,26367.4,41385,393167,531648.666666667,148606.8,NA,6314.4,16481.8,85935.4,144844,786935,1035829.66666667,NA,130294.8,43028.6,2310730.4,-3.63700278451078,0.688094455441846,-2.08741797663135,5.88984140013956,5.4772625763605,5.07959668380108,5.11750662065717
"LANMLR17B024",84,50.3333333333333,3340667.2,10278298,14404,154843.666666667,NA,6559.66666666667,101786,61460.8,6960.66666666667,80009.8,2360604,834416.2,12642,39852.8,12629.6,22350.4,48185.2,252636.6,2630306.8,1788817.4,30112,NA,66736.8,43217.6,19313.2,367072.8,293851.2,313640.4,1539301.4,18101,2751880.8,10806,33033.5,13549.6,12677.2,15620.2,NA,17795,NA,323035.6,7059.5,5447.5,11397.3333333333,NA,81049.6,7658.5,4420.5,NA,7702,64999.8,68410,47538.5,NA,18271,5143.5,38267.5,39852,33570.2,296849.333333333,454103.333333333,148012.4,NA,10157.8,30453.8,98373.4,120160,629835,1366128.33333333,NA,157913.6,7826.6,2377595.6,-1.90712055272133,2.55909779434892,-0.5975341938723,6.31789940904486,4.96707952423482,4.53524594850796,4.30610567659611
"LANMLR17B027",86.8,93.25,2898999.4,8717315.4,33201.5,70158,NA,7863.66666666667,58533.8,83905.8,12737.6,55237.4,2121717.2,625401.4,5848.8,55362.2,4041.6,13032.2,69081,148508.8,2003279.25,1658569.4,30685.4,NA,57751.4,55416.8,12458,214560.8,240382,258155.8,1560690.2,12796,2690790.4,NA,NA,9380.4,14048,18079.4,NA,33418.5,NA,246673.8,12360.4,NA,18851,6872.5,76245,NA,NA,6830,NA,15591.25,37965,35561,9231,22011,NA,NA,22681.25,31804.5,310971.25,492418.25,218364.8,NA,3667,14592.75,39747.6,71537.6,585976,1422779.33333333,3037,133410,12360.4,2269540.6,-1.76103071809806,3.21309474459319,-0.447864120008679,5.41332682049096,2.97414906639579,Inf,Inf
"LANMLR17B028",97,97.75,2753882.75,11386271.25,9303.66666666667,114327.666666667,NA,4062,76927.6666666667,112302.25,12892.3333333333,84959.5,1903912.25,643039.5,12933.6666666667,41455.5,13697,16299.5,52328,300661,2827564,2308375,45932.75,NA,84952.75,57689.25,25684.75,368129,391438.5,396796.25,1799657.25,23067,3290059.5,31835,35641,16467,19244.75,19673.25,NA,41624,NA,132490.5,8690.25,14109,10835.3333333333,NA,42375.75,5652,6502,NA,20828,30146.25,38194.5,24150,NA,21552,9650,44840,29148.5,22651.25,156919,233313,111313.5,NA,11339.75,20995.75,58824.5,80651,346968.333333333,702862.666666667,NA,146488,12217.5,1546945.25,-2.22358903198579,2.10038313834789,-0.98219847329956,6.33774788942354,5.59499225961509,4.90737581788032,4.57279941723689
"LANMLR17B029",129.5,133.5,4685091,6628849,NA,30952.5,NA,NA,18305.5,120210,15136.5,63004,3601240,885500.5,6594,8902.5,2449.5,7576,47533,49300.5,2066442.5,1095210.5,20548.5,NA,33937,45537,2747.5,70747,134091,96869,1360522,NA,1542989.5,NA,NA,2595.5,NA,14209.5,NA,22794.5,NA,129617.5,10324,NA,NA,2998,4163,NA,NA,2313,NA,5311.5,25303,14408.5,8114,19480.5,NA,NA,13033.5,21974.5,282421,461586.5,245151.5,NA,NA,6745.5,29646,94675,NA,NA,1667.5,49258,10324,1238992.5,-0.523720204234243,5.23821439052858,1.18961370617278,9.27346540475978,3.06737185462174,2.18777588593741,2.50568903243144
"LANMLR17B032",91.1666666666667,90,3545272.5,10910952.6666667,22378,79250.3333333333,NA,4244.33333333333,48009,70432.8333333333,9096.66666666667,82390.1666666667,2375911.5,1011989.66666667,5891.33333333333,39882.6666666667,8572.5,13104.5,77713,181949.666666667,3022739.5,2150862.66666667,28498.1666666667,NA,58722.6666666667,51016.3333333333,18690.8333333333,276239.333333333,273229.666666667,307960.666666667,1616878,10670,2703681.16666667,15057.5,66033,14796.6666666667,8493.83333333333,14490,NA,38724,NA,266939,12268,8166.66666666667,8706,NA,51920.3333333333,4068,2110.66666666667,NA,5177,17265,35003.6666666667,22928,NA,7834.66666666667,8255,15121.6666666667,23435.1666666667,27712.1666666667,357675.666666667,569264.666666667,170778.333333333,NA,9038.66666666667,14927.1666666667,67143.3333333333,103518,522413.333333333,1321133,NA,65751.8333333333,12262,1925832.66666667,-1.63934366210767,2.91970792969047,-0.264330742300863,6.88215537260107,5.96773774829844,5.5645247539345,5.14017042341876
"LANMLR17B035",87.8,88.4,4454122.4,7633899.4,3864,47734.75,NA,6984,28804.75,83437.8,13568.25,119411.2,3123278,1117140.8,5337.75,36097.8,3512.8,12945,33927.2,192700.2,2360026.8,1311655.8,18700.8,NA,47279.8,35155.6,18031.8,226208,260759,235640.2,1241898,NA,1573552.2,18166,12770,8590.8,6744,10723.6,NA,14213.5,NA,231702.2,7900,5443,11646,7384.33333333333,9179.8,4874,4029,6201.33333333333,14088,22635.2,41096.8,28312.75,10027,17256.5,6720,32843,34523.6,39874.75,371667,569110.25,245406.4,NA,11567,38661.2,121133.6,169267.5,724592,1601983,5632.66666666667,62628.4,8988.6,1971356.6,-0.964681547053669,3.75972237818514,0.862589871133013,8.46880280719937,4.14166650259417,3.31954241276583,3.24337040400322
"LANMLR17B036",82.8,78.4,4155846.6,9323644.6,20203,118834,NA,5104,95470.6666666667,90617.6,13736.6666666667,95146.2,2653881,1307959.8,6185.33333333333,79643,12445.2,19491.4,53549.8,260894.6,2252944.6,1523097,31259.8,NA,76323.8,53460.4,20793.6,316720.6,342838.8,289406,1471383.8,16145,2449342.8,18229.5,66425.5,11116,13205.2,14271.2,NA,28621,NA,336641.2,8480,9426.5,9745.66666666667,NA,41181.4,10061,8080.5,NA,9265,65620.4,70638.4,38864,NA,15827.5,7192,47664,136020,127946.2,292716,432309.333333333,143807.4,NA,25356.8,93729,171014.6,187439.5,529473.333333333,1120867,NA,131645.2,8858.6,2511114.2,-1.27791825838245,3.09201742955279,-0.0740749272844767,6.30764013751859,4.9629977759866,4.49371223280682,4.43079402858619
"LANMLR17B037",112,138,2511926.8,9386324.6,11115.3333333333,134911.25,NA,5110,62943.5,118506.2,16432.75,70093.4,1677835.2,632345.8,6802.25,42684.4,7005.8,14846.4,62338.8,132757.4,2713872.8,1643518.2,22002.6,NA,61414.8,47006.2,14575.4,247584.6,220272.6,234777,1620864.6,9851,2235183.6,21818,39547,14067.8,8241.5,12843,NA,67514.5,NA,215484.6,13272,23681,5905.66666666667,29974,48862.6,13205,12519,22814,6355,13162,46080.4,46503,20024,49834,21091,34694,26415.4,33374.4,437108.75,614354,242162.6,NA,11018.25,21471.6,95901.2,151666.6,822886.333333333,1490601,8228,161349.8,15353.8,2993033,-1.86535946035385,2.87344701928565,-0.366190008528781,6.16049010547733,3.70820119933216,3.0924795761636,3.03647500055118
"LANMLR17B039",85.8,81.8,2299901,9663188.8,23906.25,81344.6,NA,4459.75,67038.4,73053.4,9757.8,133573.8,1405467.2,678048.8,8893,32081.8,7220,15449.8,65102.2,432594.2,1986402.66666667,1746923.4,25052.2,NA,63206,45449.8,33286.2,271397.6,546842.2,291870.4,1651914.4,21291,3213374.8,NA,NA,9761.2,20557.5,14259.8,NA,3669,NA,198447.6,6898.8,NA,5640.25,1564,11623.6,NA,NA,694,NA,18184.4,33292,8826,1004,6924,NA,NA,42288.2,64192.6,241758.2,349042.2,190267.8,NA,15488.75,32920.6,116119.4,164683.2,476766.5,965986.75,1045,151950.8,6898.8,2439489.4,-2.16147858259903,2.28645495133536,-1.16536068221343,7.01273556275403,3.57879285616932,3.49751694024891,3.34833027621248
"LANMLR17B040",76,75.75,303713.5,13862340.75,28925.5,140074,NA,4908.5,113202,124918,5184.5,5226.25,131251.75,39725.25,4598,55266,15490.25,26209,71670,486233.25,3940326.75,2316392.25,50337,NA,90312.25,81788.25,28422.5,533092.25,485576.5,404327.25,2111310.5,16698.5,3085629.75,21269.5,40122,15326.25,21206.25,29265.25,NA,2475.5,NA,527842,4608.33333333333,5271.5,7715.5,NA,37763,3253,3299.5,NA,5446.5,13435.75,29998.75,11430,NA,7557.5,4090.5,9158.5,20308.25,30373.25,298241,383680.5,100799,NA,6905.75,14581.5,75800.75,195681.666666667,842612,1310205.5,NA,129092.25,6092,1920072.25,-5.64363552809198,-1.79154446490897,-4.76664647182232,7.9185716755782,6.95105622749854,6.40616951012167,6.27147504031375
"LANMLR17B041",86.2,83,254095.4,14652395.6,11555,115507,NA,4240,103434.5,74249.6,4120.5,4583.2,129651.8,43962.6,9312.5,50573,22614.4,26925,64504.6,531933.6,3871294.4,2495474.2,44925.8,NA,83779.8,57217.8,29049.2,581089.4,573376.2,504788.6,2134580.2,31982,3491432.2,28919.3333333333,30806.3333333333,19642.8,25226.4,24494,NA,4277.33333333333,NA,445876.4,5785.66666666667,3264.66666666667,4935,NA,24065.2,4280.33333333333,4489.66666666667,NA,14393.6666666667,31853.4,77205,60101.3333333333,NA,10045,12026.3333333333,31628,50796.2,67094.8,282949.5,361322.5,80535.4,NA,19559.8,32224.2,110506,194736.25,552977.5,1030579,NA,89272.6,5430.2,1624913,-5.91535655999386,-2.0827975429178,-4.91056628994493,8.07755289691453,6.33108819863246,5.83260106904368,5.63271160109737
"LANMLR17B042",121.25,120.5,324108.75,12918731.75,27934,59395.6666666667,NA,5380,49629.6666666667,134379,14370.6666666667,5124,138827,35000.75,11430.6666666667,41365.75,18708,20870.5,38127,232359,3729443.5,2173342,33659,NA,44320.75,42746.25,21922.75,324495,338753,338758.5,2282861,NA,3178041.5,25638,66668,9856,11335.5,23316.5,10615,10316.6666666667,NA,315733.75,6900,91809,12116,629.5,38848.25,2637,884,1035.5,6888,7407.5,21213.5,9377.66666666667,1114.5,2348.66666666667,4520,1157,16711.25,18705.5,131404,205292.666666667,87339.5,NA,6012.5,11021.25,38121,51599.5,635720,1528542,1309.5,83114,28127.25,1105451.25,-5.5237414085554,-1.37380957588422,-4.70255805141101,8.71790910276537,6.87429814392281,6.18780539901008,6.2142098330452
"LANMLR17B043",85,83.2,3423459.4,10274236.4,22527,98691.6666666667,NA,4639,56309,63935.2,6927.66666666667,80020,2331981.6,943366,19364.3333333333,30511.8,11575.4,20425,83223.2,198093.4,2853127,1873251.6,30403.6,NA,50180.4,37281.2,15241.6,301471,268228.8,278101.4,1600843.4,11518,2569934.2,12092.5,24361,11592.8,7740.75,12372.2,NA,14873,NA,237097.2,6845.25,4745.5,6404,845,46420.6,4489.5,3055.5,536,7449.5,18057.4,35887.8,34991,998,5891.33333333333,3194,15194,25508.4,23673.4,358333.333333333,585865.333333333,187381.4,NA,8357.75,21391.8,92115.4,125939,697863,1326973,3412,94856,7374.4,1950741.6,-1.84712850849826,2.78119012799828,-0.451602994221124,7.59234435673233,5.84445207416845,5.32108412170675,5.08779455731205
"LANMLR17B044",73.25,71.5,2164168,10431044.5,20375.3333333333,145193,NA,6935.66666666667,83807,64789.5,8911.66666666667,54783.25,1403949.75,633961.75,9266.33333333333,48017.75,10852,23595,45579.25,277506.5,2715548.25,1772155.75,25135,NA,62573.75,34908,20384.75,297737.5,376691.5,245295,1832024.75,19892,2603800.75,6329,25099,10245.25,13808.75,12616.25,NA,12695,NA,186448.25,14554.6666666667,19627,9037,NA,68120.5,2268,2772,NA,6403,18949.75,36076.5,24972,NA,17144,10939,1726,31134.5,38620,385304.333333333,483250.333333333,164791.5,NA,6928.25,17286.5,112171.25,208885.25,858568,1340389.33333333,NA,176951.75,15822.75,3026931.75,-2.3173100766641,2.53923802916522,-0.94345931246369,6.15813711468151,4.3392258077022,3.93290818024901,3.85435629450207
"LANMLR17B046",71.5,72.5,3875343.75,10883532.25,8432,61428.5,8287,5982,22558.6666666667,103940.5,15875.3333333333,75775.75,2428656,1255065,13131.6666666667,71592,5675.75,12646.75,92392.75,240324,4193020.33333333,2460584.25,27937,7208,54532,43805,14676,171404,279214.5,191721.25,1567833.25,NA,2430899.5,17347,17942.5,7281.5,7169.5,11448,NA,26642.5,110443,239428.75,23015.5,1511,3450,2025,8513.75,7947.5,4792,1413,3994,18287.75,43278.75,31184.3333333333,6007,6624,9190,8653,22480,53701.5,389387.333333333,573221.333333333,75035.3333333333,3148,7118,15238.25,48641.25,167532.5,569964,1800029,5201,52696,11885.5,1804005.5,-1.60468546792972,3.59991195761773,-0.0254971393532188,8.63785139964086,6.34689362237796,5.27204843017874,4.65135301885906
"LANMLR17B047",93.1666666666667,89.8333333333333,2935923.66666667,9886339.16666667,17154.75,153187.25,NA,5551.25,108144.75,78126.8333333333,11033.75,83049,2159402.66666667,607989.333333333,11104,73093.8333333333,13581.6666666667,12830.6666666667,60064.4,231467,2944249.4,1889206.83333333,29397.6666666667,NA,65943.6666666667,49818,31154.8333333333,266248.833333333,300023.666666667,242811.833333333,1768608.66666667,14134,2353776,21058.5,26737.5,14841.5,10093.5,18149.6666666667,15425,43770.5,NA,201398.833333333,13352,88516,10990.5,NA,96590.8333333333,17630.5,14969,NA,53742,39514.1666666667,64250.1666666667,59586,NA,62381.5,55819,27897,53405.3333333333,63439.5,335635.25,541468.75,200950.5,NA,12188.5,27933.6666666667,97493,186973.333333333,634929.25,1313615.75,NA,177922.166666667,38406.6666666667,2831173.66666667,-1.74062855417256,3.29545964408636,-0.183502772796637,4.59751141904866,4.78528108608993,3.93751991732438,3.81100720194696
"LANMLR17B048",92.1666666666667,90.3333333333333,2539995.33333333,10989291.1666667,14426.6666666667,105626.333333333,NA,6259.33333333333,67694.6666666667,130303.5,12287.3333333333,129438.333333333,1683727.83333333,590382,13996.6666666667,87016.5,16569,15916.6666666667,65103.6,477556.166666667,3162818,1921753.16666667,33658,NA,73075.1666666667,69757.8333333333,35895.5,307837.833333333,513329.666666667,299046.333333333,1727466.83333333,17484,2640739.5,17480,63817.3333333333,13601,9996.66666666667,12975,NA,45344.3333333333,NA,311753.333333333,7421.66666666667,25597,6354.66666666667,NA,56121,12740.3333333333,7421.66666666667,NA,31745.3333333333,23363.5,86955.8333333333,62967.3333333333,NA,13661.3333333333,41377.6666666667,12045.3333333333,44763.1666666667,93635.5,576352,758186.666666667,200180.333333333,NA,12083,33109.1666666667,131895.666666667,258391.5,842015.333333333,1337973.66666667,NA,89790.1666666667,16509.3333333333,2791919.33333333,-2.29320920734036,2.17582105071138,-0.968285374277438,6.13289688152788,5.19822984788458,4.46240893676284,4.27847578711231
"LANMLR17B052",97.8,95.4,2898039,10456748.4,14353.5,96058.6666666667,NA,6655.5,54417.3333333333,71751.8,7717.66666666667,56094.8,2015371.8,750190,4905.66666666667,30828.6,11265,16542.4,31896.2,218854,2911608.8,2022278.2,26586.4,NA,50004.8,31811.2,15681.8,240820.4,280408.8,219126,1662742,13080,2639189.6,17807,24759.5,9854.4,12797.25,11484.6,NA,14372,NA,226285,5888,5944,6525,5184,34294,2257.5,3301,4197,7131,60918.2,68663.2,17189.3333333333,7770,9930.66666666667,1725.5,18104,86266.6,89134.4,370854.333333333,480330.666666667,137276.4,NA,27153.25,51023,156120.6,197951.666666667,821180.5,1501821,10466,92947.8,7088,2301514.6,-2.49862073564968,2.50555641216658,-1.12503029965516,8.17140175182207,5.82835878410222,5.32434958332226,5.13569633050642
"LANMLR17B053",103,100,3187250.8,8815100.2,14494.5,149463.75,NA,5036.75,108676.75,70467.8,10148.5,71639.8,2249727.8,787296.6,8273.5,41262,8328.2,14454.6,122652.8,152537.4,2172362.5,1594198.8,28541.8,NA,57412,48423,14571.6,235149.2,195960.4,217128.2,1472430.2,11757,2827497.4,17047,14275,12346.8,8796.4,18979.6,NA,29384,NA,300282.6,10133.5,6490,26961.75,NA,66439,7544,4546,NA,9887,30049.6,60148,52572,NA,9006,2663,27198,35482.2,38257.2,379463.25,597310.5,335931.2,NA,10640.6,26533.6,105891.4,149808,550134.75,1013206.5,NA,210541.8,9404.8,2905563.8,-1.54448924590888,3.78370756875949,-0.437947062684803,5.26361546034558,3.75730838965101,3.16396792053888,3.05497526946523
"LANMLR17B055",118.666666666667,97.5,2268371.66666667,11475908.6666667,15433,47780,NA,2440,28505,80455.6666666667,8667,82477.6666666667,1712199,387461.333333333,16021.5,30514.3333333333,23326.6666666667,21854.3333333333,236417.666666667,240943.666666667,3167900.33333333,1637298.33333333,24611,NA,75210.3333333333,70558.3333333333,25409,321486.333333333,426876.333333333,300747.333333333,2293462.66666667,NA,2502074.33333333,NA,65877,19095.3333333333,12818,15331.3333333333,NA,40522,NA,252896.666666667,15903.3333333333,17243,7315,433,29288.3333333333,3398,4201,518,44644,22712,14636.3333333333,16672,695,13467.5,3851,43903,27776.6666666667,12659.3333333333,109666.5,148589,59429,NA,20945,28785.3333333333,90362,68497,582844,1440682,1304,51670,21651,1248803,-2.49741246604278,2.49840543699183,-0.710780223716135,8.45175429012966,6.65469588116836,5.81807746473346,6.25974728593521
"LANMLR17B056",93.75,88.75,2260653,11489455.75,12718,139996,NA,4830.5,90061,97917.25,12296.5,124742.5,1485310.25,546534.75,21704,78324.5,29204.5,22747,96409,378035.25,3032472,2136131.5,30988.5,NA,80229,106532.25,41359.75,344152.5,416713.5,300620.25,1752870.5,20891,2547208,22807,57584,11183.5,11109.75,21933.75,NA,84044,NA,188752.25,10424,109430.5,6062,NA,58337.25,26838.5,12550.5,NA,37195.5,35505.25,102027,135321.5,NA,38043,41735.5,18009,61361,96231.25,308456.5,352526.5,123666.75,NA,15169.25,35704.5,124948.5,266272.25,727986,1339158.5,NA,117443.75,59927.25,2441164.5,-2.56710454798756,2.07146250860452,-1.01194855366907,5.75623168637075,4.76437560236446,4.34613783828869,4.03190796928817
"LANMLR17B057",95.3333333333333,53.6666666666667,236091.333333333,13172356.1666667,8587.66666666667,109203.75,NA,5876,89711.25,84075,5587.25,3305.83333333333,117122.666666667,27863,6829.75,35476.6666666667,14010.3333333333,30333,99699.3333333333,420400.333333333,3410543.16666667,1899501,42799.6666666667,NA,74344.8333333333,40015.1666666667,24655.1666666667,541749.166666667,505552.333333333,366118.666666667,2250662.5,21753.3333333333,3349171,23298,32156,13294.6666666667,21521.6,23534.3333333333,NA,6601.66666666667,NA,577632.833333333,5963.6,3438,13086.6666666667,1132,63862.1666666667,3350,3812,727,4343,33385.6666666667,31838.6666666667,12445,1239,9027.66666666667,5116.5,8961,69645,76492.1666666667,234332.25,251386.75,66824.8333333333,NA,24226,47966.8333333333,130916.166666667,135389.4,650523.666666667,914803,1865,135548,6115.66666666667,1787054.66666667,-5.85466896487202,-1.68321832226525,-4.98350672309772,7.08873913460163,6.31280844724624,5.67936550419097,5.88067300662031
"LANMLR17B059",89.75,85,2939779,9223800.75,20286.3333333333,137891,NA,6908.33333333333,90710,89716.75,10671,53837.5,2228941.5,559280,8887.66666666667,39245.75,7512.5,19228.25,45931.25,166456.75,2288924.33333333,1758658.25,23983.25,NA,62425.25,48703.75,13641,265529.75,247630.5,285979.75,1678486.5,11754,2795654.75,16595,26139,11908.25,7677.5,15354,NA,25815,NA,292579,9775.5,8625,10315.6666666667,NA,80511.5,5296,4130,NA,26737,20135.5,49126.5,19782,NA,12023,32393,61943,25473.5,29271.5,477107.666666667,678353.666666667,280363.25,NA,16580,21784.25,109756.75,163564,806195,1289785.33333333,NA,176632,11931.75,3242569.75,-1.84494216575072,2.82570964678137,-0.531238518668001,5.00969014305472,3.51950841061764,3.15283032505676,3.0781903035711
"LANMLR17B060",78,78,4243890.33333333,8070011.33333333,20078,252069,12913,9912,110823,81071.3333333333,18303.3333333333,84448.6666666667,2909193,1150874,2848.66666666667,38062.6666666667,11556.6666666667,13323,39006.6666666667,159449.666666667,2770105.66666667,1594117,32299.3333333333,6315,40011,38499.6666666667,10587,154466.333333333,273802.666666667,144740.333333333,1493604,10452,1177051.33333333,NA,63839,4991.66666666667,13776.5,25764,NA,NA,60774,234509.666666667,18014.5,NA,21512.5,NA,189310.666666667,18491,NA,NA,3139,17949.6666666667,60785,52084,13448,26434,NA,2574,32638.6666666667,57608.6666666667,539576.666666667,817676,330465,4505,6486.33333333333,20798,113779,223305.333333333,1226134,1748852.5,5421,293085.333333333,12009.6666666667,4339922,-1.02968368536407,4.14122783372404,2.59449346774745,4.44584364867509,2.50683408558009,1.83974236055827,1.41141446551442
"LANMLR17B064",94.25,91.25,284545.75,14500768.75,6801.5,89738.5,NA,6446.5,97451,90147.25,7507,9624,148087.5,32933.5,4063.5,37828.25,19883.25,28560.5,75311.5,749286,4085523.33333333,2297848.5,38479.25,NA,83631,60075.5,58094.5,647374,813512,494538.75,2207532.25,30951.5,3771455.25,24231.5,24656,16477.75,26338.25,21943.5,NA,9199,NA,507449.5,5735.5,4808.5,8433.5,NA,14132,3567.5,2734,NA,2911.5,12634.25,18027.5,7405,NA,4057.5,5123.5,6284.5,14491.25,33188.25,194682,206492.5,38756.5,NA,3292.25,12285.25,66244,195892.333333333,755725.5,956833.5,NA,96818,5272,1437095.75,-5.72103283060763,-1.97233965425822,-4.86872875352597,8.97602789328332,9.17169701314339,7.58192563206257,7.50933603003656
"LANMLR17B067",97,94.3333333333333,2091266.16666667,10268514.8333333,32055,112240,NA,6224.66666666667,76561.5,90581.1666666667,9260,57434.5,1515774.5,421302.666666667,8347.5,60719.5,12023.8333333333,21918.1666666667,53463.3333333333,300237.833333333,2810693.66666667,1625678.83333333,26953.1666666667,NA,69787.1666666667,36196.5,22943,392996.5,392779.833333333,296082.333333333,1683566.83333333,24372,2417010.83333333,16533,19051.5,15816.6666666667,15033,12059.3333333333,NA,13029,NA,261786.166666667,9243.6,4827,10744.3333333333,1065,66087,4376.5,2680.5,714,19041.5,35654.5,71818.5,11007.6666666667,1573,4774.66666666667,3423.5,32365,67045.8333333333,40250.5,559554.75,700272.25,359043.5,NA,26093.4,37812.1666666667,171045,270225.25,926905.666666667,1491695,1553,128980,9312,3134546.5,-2.21141826771499,2.4210508809129,-0.59164891233271,6.96159616504311,5.13326887763971,4.50781249570583,4.29465092088876
"LANMLR17B068",81,81,2566999,8894520.66666667,20096.5,94309.6666666667,NA,5840.5,55332,81311,13017.6666666667,41862,1731649.33333333,699159,4250.66666666667,35191.6666666667,5309,14724.3333333333,47629.6666666667,132225.333333333,2390300.33333333,1743148.33333333,23236.6666666667,NA,60077.6666666667,35996.6666666667,11740,179818.666666667,206033.666666667,227216.333333333,1427151.33333333,11877,2325124.66666667,NA,NA,10220.6666666667,9463.5,9830.33333333333,NA,20300,NA,189727.666666667,13907.6666666667,NA,11356.5,963,46618.6666666667,NA,NA,874,NA,9255,23429.3333333333,17673,798,2094,NA,NA,14918.6666666667,19146,183140.333333333,295924.666666667,167984.666666667,NA,3613.5,7535,44361,91290.6666666667,698120.5,1763636.5,1235,153535.333333333,13907.6666666667,2562634.33333333,-1.79769762152983,3.00099599046177,-0.412887450304046,6.09116760069667,3.92954561066588,3.51810723837554,3.1602935157939
"LANMLR17B071",80,79.3333333333333,294840.5,15349519.6666667,11047.5,89930,NA,2800,71769,73523,3241.5,4311,156969,58957,12157.5,39172.8333333333,21471,27357.8333333333,54920.6666666667,420640.5,4721438.4,2791395.5,48862.8333333333,NA,60183.6666666667,51478.6666666667,25262,487023,462264,427890.5,2181229.5,23548,4234204.33333333,28699,20064.75,14396.8333333333,19818.5,29107.5,NA,4625.5,NA,501596.333333333,3719,8413.75,3867,NA,10423.3333333333,4432.5,5164,NA,19751.5,40606.8333333333,53834.3333333333,24973.25,NA,13375.75,23399,26644.75,40480.6666666667,27975.5,161867.5,302569.5,78178.8333333333,NA,11011.6666666667,31846.3333333333,87554.1666666667,85543.5,266650.5,937864.5,NA,54833,8088.5,1075040.83333333,-5.88186382129541,-1.72392781398389,-5.09327898150895,9.00100930525203,7.69257528981433,6.36061047269239,5.95673859329453
"LANMLR17B072",93.5,72.6666666666667,1382279.75,13079166,14299.5,89407,NA,4140,74265.5,65836.75,4195,35256.5,1008392.25,270696.75,21776,78397.75,14313.25,17421.5,124045.25,340065.25,3533870.25,2263262,37426,NA,80623.75,67617.75,35908.75,422583,398994.25,302007.25,1817413,15597,3466098.25,15016,26563.5,14192.75,20513.25,23088,NA,43313,NA,335042.5,4267.5,95953.5,4059,NA,30704,9568.5,8461.5,NA,52847.5,45492.25,85680.75,82249.5,NA,12675.5,63501.5,4065,95198.5,107811.75,269794.5,276631,83135.75,NA,23976,59853.5,166326.75,158255.5,492158,725774.5,NA,83906.25,50110.5,1857327.75,-4.08562021015082,0.705420029754255,-2.79962740442204,7.67556042863203,5.91889729922817,5.35318773342966,5.03602022099492
"LANMLR17B074",114.75,100.2,2398391.83333333,14322992.1666667,13846,56725,5331.5,3708.66666666667,20284.25,124979.333333333,21073.5,112105.166666667,1532957.5,614300.833333333,17630,39038.8333333333,20348.5,28150.6666666667,67483.3333333333,409039.333333333,4840572.83333333,2656828.16666667,28507.8333333333,7048.5,65675.3333333333,51650.1666666667,30110.3333333333,340649.5,464032.333333333,279611.333333333,2231091.33333333,18017.3333333333,2698350.33333333,20074.5,21253,13953.6666666667,6812.33333333333,9606.83333333333,NA,31058.6666666667,26409.5,305238,14933,12066,3147,2896,12665.3333333333,3905,3390.5,3925,3616.75,11578.6666666667,36989.1666666667,25287.6,1886.66666666667,8273.8,14337,2968,20182.6666666667,34590.8333333333,191203.75,248345,67036.5,2002,3460.8,14062.8333333333,36541.8333333333,96643.1666666667,308102,835510,3224.66666666667,36062.6666666667,8999.66666666667,840218.5,-2.6886739000594,2.37369009854346,-0.936015977367464,8.88288856951727,6.73613025336281,5.916672977066,5.8640579123213
"LANMLR17B075",83.6,79.6,3452157.8,12096965.4,34869,65236,11285,5783.5,29426.3333333333,102623.2,24688.6666666667,56578.6,2330847,947295.8,11959.6666666667,41024.4,10339,21581.4,55447.4,190530.6,4072374,2257400.2,35180,3945,64834.4,53115.8,15078.2,277609.2,239658.6,230377.4,1986547.2,14165,2473436.8,21448,22288.6666666667,11776.6,5401.66666666667,14250.8,NA,12930,67214,242737.6,9529.75,7780,14498,948,9566,4918,3299,777,11093,35696.8,43776.2,10909.75,3987,8273.75,5315,19292.3333333333,34792.6,33723.6,309094,400151.666666667,124478.5,3515,15556,28023.2,83041.2,173603.333333333,417457,1546849,1803.5,48320.6,10735.8,1349456,-1.8733953649833,3.26189134462501,-0.163489529783631,9.09234733382193,6.70557231420837,6.10285962009765,5.70048745412901
"LANMLR17B077",129.5,105,2389488.2,9366071,13936.75,127234.25,NA,5329.25,85574,85167.4,9751.25,71790.8,1675667.8,549061.2,8311.5,43953,8078,15551.4,58196,212479.4,2367633,1674776.8,23035.2,NA,67988,42714.4,17387.8,296109.2,301840,283921.2,1639620.8,9663.5,2738676.2,39965,26638,11981,9005.4,13382.8,NA,34103,NA,247400.6,8141.8,10007,10513.75,NA,52088,2359,3393,NA,24916,37864,58321.4,23156,NA,13601,8055,41989,82930.8,87357.2,468729.25,640782,241392.6,NA,26905.8,64841,176764.4,203608.25,837758,1400744.25,NA,174510,10143.2,3701667.4,-1.93785525366457,2.62389133058765,-0.760612240433372,5.56438808749296,3.97338497220036,3.45350501504148,3.41461279169269
"LANMLR17B086",79,74.6666666666667,3591038,9224047.33333333,21754.5,111958,NA,2144,64055,69704,13206,74735,2136991.66666667,1300803.33333333,2186,38051,6911,15675,88581.6666666667,142458,2484282.66666667,1754560,24588,NA,56355,36785,13226.3333333333,241594,199841.333333333,244630.333333333,1376468.66666667,NA,2461619.66666667,19379,13915,12282.6666666667,6300,14249.3333333333,NA,18776,NA,231265,10508,3447,8848,NA,67121.3333333333,8507,18535,NA,4803,13230,68969.6666666667,122290,NA,189252,9284,5895,28234,50263,391762.5,692769,262226.666666667,NA,6646.66666666667,12681.3333333333,96750.3333333333,156403.666666667,635481.5,1651367.5,NA,118771.333333333,8154.33333333333,3135534.33333333,-1.33238836361761,3.0870085833897,-0.27186467800179,5.68111974857279,3.85923166108599,3.47017106613206,3.09222466211189
"LANMLR17B092",56,56,5285314,7393708,8663,107579,NA,3170,67616,51327,8376,130202,3909543,1185866,12155,82837,4473,9458,41722,152256,NA,1744862,32180,NA,33468,26157,13459,95823,287185,285533,1673744,NA,2884435,NA,NA,7615,9070,10735,NA,NA,NA,176053,9853,NA,4787,NA,1718,NA,NA,NA,NA,30488,15971,NA,NA,NA,NA,NA,47253,29357,157163,215788,127606,NA,3481,28468,32355,82558,406664,963922,NA,178365,9853,2147579,-0.484308883709699,3.77527057836784,0.438711222772404,NA,NA,3.77334486818962,3.71331081287266
"LANMLR17B093",73.75,75,2785741,9410863.5,5947,82686,10922,5832,45131.5,73314.5,15086,52295.25,1598251.25,1046794,17813.75,50678.5,6969,18159.75,45876,259598.5,2396372.25,1822485.25,25293,9104,68061.25,46518.5,18187.5,314048.5,305684,314002.75,1366890.25,20037,2276138.25,NA,18763,13607,20119,15086.25,NA,26049,76132,267689,7899.33333333333,NA,5165,3315,18682.75,12296,NA,1438,11482,100331.5,103181.5,39465,8063.5,16744,NA,74828,167669.5,204802,473828.75,660915.25,270734.333333333,23838,47876.3333333333,96983.25,216299.5,210877.5,753615.5,1414894,7321.5,114250.5,5924.5,3646963,-2.04190305034655,2.31558138076523,-0.710985751688739,7.19368208730547,2.75522986459171,2.49793743348346,2.41428999008609
"LANMLR17B094",106,101.75,4641292.75,9781851.75,4973,49416,NA,3815,27864,88625.5,9285,101606.75,3187541.75,1258876.25,8631,69286.75,14379.5,15597,28402.3333333333,213516.5,3004827.25,1687608.25,21039,NA,51262.25,32184.25,24841,193298,275966,199352.5,1765511.75,NA,2144518,19152.5,22664,10434.5,7706.33333333333,11154.75,NA,26147,NA,278799.75,7153,58082,7264,472,43231.75,4903,3151,367,37958.5,37775,62140.75,36375.6666666667,242,16163.6666666667,43537,21490,32509.75,35923,139465.5,252547.5,92209,NA,13179.3333333333,23423.75,66473.25,112314.333333333,535860,1507823,58,39593.75,34405.75,1291758.75,-1.15929730776695,3.98147641761846,0.445316087830704,7.98033526452611,7.12308356877303,6.36441086128964,6.428745491076
"LANMLR17B098",86.75,83.25,5717164,7029805,6116.5,100366.666666667,NA,4767.5,60422.3333333333,133035.5,12913,77791.5,4038885.25,1457767,14060.3333333333,49986.3333333333,14566.75,12458.25,83227,135238,1779848.5,1315003.25,20886.5,NA,48019.5,49269,15888.25,220793.25,174576.5,233738,1011909.75,10220,1813789,16036,29512,13302.5,8190.33333333333,14458,NA,41203,NA,276357.25,6610.66666666667,9638,8081.5,7577,31884.25,21318,18634,6263,12161,17948.25,54604,58149,3416,24089,17399,12641,29226.5,38919,257156,398661.666666667,155244.25,NA,8450.33333333333,19533.75,71178.5,112976.75,701415.5,1465733.5,NA,122975.5,7367.5,2183302.75,0.130290618489556,4.68147039384092,1.78115825415009,5.243072226368,3.44878657800553,2.89137068477363,2.72326557331591
"LANMLR17B099",99,98.8,3403324.8,11317840.8,15653,137267,NA,9276.5,86791.5,79029.8,5813.5,99026.8,2613438.2,609504.6,19314.5,33175.2,11444.4,15227,71360.5,269621.4,3153902.8,1790453.8,33111.8,NA,64653.8,59011.4,25942.4,362233.8,408554.2,272943.6,2082477,14691,2605590.4,18225,26420.6666666667,12883.8,10891,16389.6,NA,34560,NA,268086,9498.5,34979,11257,NA,44346,11890.6666666667,10447,NA,22861,22325.2,47960,61070,NA,38198.6666666667,35051.3333333333,11479.6666666667,41559,48446.4,319207,380936,81817.8,NA,11359.4,35948.6,131570.2,216823,860991.5,1210835,NA,93334,24786.8,1866680.6,-1.90221821449627,3.15210077054726,-0.185958916475808,6.96194466624195,6.0575934569846,5.33756392133425,5.56346128157674
"LANMLR17B100",87.4,50.6666666666667,712146,13542774.8,13410.5,96817.5,3464,3558.66666666667,55497.6666666667,121277,12686.6666666667,10924.4,361527.8,210804.8,14550,72320.6,15756.6,22636.2,63984.8,418313.4,3840656,2339713.2,43096.8,8189,66944.2,42787.2,26782.2,530238.2,450081.2,403969.8,1935972.4,21395,3189413.6,27769.6666666667,24472,11968.8,17776,23601.6,NA,10341,34856,463942.2,5556.66666666667,7250,7013.5,NA,12637.8,7665.66666666667,3073,NA,13056.3333333333,85289.6,114491.6,59737.3333333333,9648,7916,4963,33764.6666666667,159957.6,142583.4,575881.666666667,749844.333333333,110905,8660,55838.2,127748.8,351479.2,315097,777422,1187549,20460,74853.6,6234,2996289.8,-4.83745588144262,-1.05047177906478,-4.04868271380999,8.33839033182105,5.77561513238225,5.28801747823384,5.24706920608126
"LANMLR17B103",86.6,84.8,2557187.2,8102593.6,6263,64630.75,NA,3728.5,46645.75,59190.4,18108.75,136871.2,1617624.6,729014,9103.75,34209.5,19012.6,18897.8,47083,337042.8,2308119.8,1318536.6,26217.8,NA,56613.8,46493.4,46648.8,262591,367121.2,271485.6,1124045.8,14713,1793512.2,18870,12899,24406,13161.3333333333,15609.2,NA,23268.6666666667,NA,246801.2,15114.6,5366,3366.5,23085.5,36461.6,5192,3934,19496.5,279276,67815.6,99175.8,125686.333333333,25841,28525.6666666667,145842,492415,145483,107623.6,651654.75,1037844.25,456178,NA,90471,119973.8,162855,272290,546894,960193,58287,90512.6,16187.8,3752004.6,-1.78975941123862,2.59362098014234,-0.125595981439308,7.37965051135018,2.89507550307887,1.92981557020495,1.90694713342867
"LANMLR17B108",102.4,100.6,2171161.2,11190602.8,18662,96436.3333333333,NA,5654.5,58440,129131,9432.66666666667,59294.4,1436842,540234.2,9058.33333333333,46761.6,10804.6,21927,64736.4,289727,3019730.2,1987317.4,27331.8,NA,77045.8,63864.2,18949,316822,385395.8,328886.6,1856085.8,12565,2604451.8,20361,44697,12920,14809.75,13768.2,NA,28679.3333333333,NA,209329.2,7172.25,10036,3784,10237,25291.8,8487,9300.5,8845,9088,51489,115052.4,38557.3333333333,14728,25361,6212,33318.5,39626.2,64364.4,402842.333333333,575510.666666667,176936.2,NA,6775.75,23475.2,104192.8,234191,638825,1235024.5,9552,95187.6,9752.2,2204852.4,-2.51617824945329,2.16186464040781,-1.03399075994379,7.62854929428903,4.98570559710863,4.41240937444843,4.31910475840949
"LANMLR17B109",101.4,101.2,2305735.4,10061138,19711.5,73864.25,NA,4551.5,45562.5,87443.2,13428,66291.4,1474661.4,666597,11960.25,48799.8,10216.2,14576.8,38505.4,282611.8,2755080.4,2106504.4,32492,NA,54028.8,41238.4,19730.2,288486.2,285098.8,231322,1434090.4,21836,2369832.8,14985,19540,10562.2,26721.6666666667,12298,NA,14200.3333333333,NA,142431.8,10269.8,9149,11376.5,1305.5,58213.6,2741,4502,3207,11199,30000.8,78123.8,60232.6666666667,1835,9418.66666666667,2934,26089,26214.8,35138.2,341711.75,524943.5,278209.2,NA,9943,16676.6,72390.4,139558,741333.5,1217385,3216,97362,12099.6,2249051,-2.42073040853903,2.46338930263363,-0.952428693509227,7.42934190873111,4.27862944516697,3.96510236798632,3.45158002813131
"LANMLR17B110",109.333333333333,106.333333333333,3163097.66666667,11153296.3333333,10371.5,67556.5,NA,2908.5,72296.5,83415.6666666667,26005.5,84560.6666666667,2384128.66666667,593655.666666667,15060,49675,8018.66666666667,17472.6666666667,91396,161530.666666667,3036082,1908466,27943.3333333333,NA,72976.3333333333,52026.6666666667,17458,244994,329677.333333333,209577,2307283,2897,3584040,12929,16651,10929.6666666667,8474.66666666667,15795.6666666667,NA,24298,NA,368604.333333333,16547,8614,5385.5,NA,9265.66666666667,6345,8909,NA,1979,7535.66666666667,22447,35314,NA,83643,9492,4365,13545.3333333333,27858.6666666667,139365.5,190446.5,90166.3333333333,NA,3027.66666666667,11427,46678,119360.666666667,283888.5,431737.5,NA,95174.3333333333,13902.6666666667,1101876.66666667,-2.0825499815451,3.2820613897046,-0.766645836568771,8.31368912440482,6.46684336153306,4.97214287270404,5.25427287949459
"LANMLR17B111",87.4,73,2443649.6,8800098,15079,89257.6,NA,5321.66666666667,68314,63272.4,10020.8,104417.2,1686879.6,579059.6,13194.4,34167,5903,18567.8,147717.6,226960.2,2047839,1436268.4,20294.6,NA,57212.2,29622.6,20888,307189,328660.2,229785.2,1790368.4,14293,2465404.4,NA,NA,12058.2,14082.3333333333,13154,NA,34979,NA,166827.6,13689.6,NA,7224.33333333333,11003.5,22413.2,NA,NA,8564.5,NA,59037.6,41574,24026.5,11101.5,19291.5,NA,NA,75104.2,92192.6,302060,323618.6,131573.8,NA,15328.3333333333,33912.4,114268.4,183798.4,845422.666666667,1193059.66666667,5561,160764.6,13689.6,2647993.6,-1.87749627381862,3.25438075291281,-0.49704586286258,6.68987362316261,3.77262533819751,3.44705476404606,3.76029062441491
"LANMLR17B112",99,76.6666666666667,2760282.2,9747031.6,14893.6666666667,82436.25,NA,7408.33333333333,61928,76322.2,16507.25,42261.8,1849702.6,778789.8,7108.75,41697.2,10436,14900.8,74691.4,237813.8,2041597.8,1721008.6,24984.8,NA,72814.8,54983.6,29432,371608.2,376675,391715.8,1614057.2,14969.5,2613883.4,28619,35380,12107,19359.5,21160.4,NA,27334,NA,414594.2,9643,55997,10351.6666666667,1518,82225.4,9280,7180,1786,81467,47430.8,56102.8,30015.5,2172,8261,104672,4612,86860,105566.2,214710.25,256490.5,134184.6,NA,22768.5,49154.4,152741,147982.4,598758.666666667,1029715.33333333,2354,119936.4,18913.8,2299037.2,-1.89239459774696,2.15525125912924,-0.611689281818651,5.30184975189264,4.00699420429172,3.85749102074137,3.7395489310037
"LANMLR17B113",79,75.6,3614637.6,8769080.4,18395.3333333333,113962.5,NA,4992.33333333333,57987.75,65142.2,8553,76003.2,2452416.4,1014233.4,10286,45676.2,6275,12263.8,53357.4,164002.6,2281293.8,1535649.8,21394.6,NA,56984.4,34859.6,13084.2,227813.4,232027.8,212946,1437087,14043,2390372.8,13444,19977,12218,8144.75,12020.6,NA,21500.5,NA,173558,8990.2,10709,8310.66666666667,1995,56907.2,9466,6144,847,14626,22207.6,42794.8,47697.5,1635,10979,6154,35585,32998.4,29770.2,350458.75,545959.75,238391.2,NA,10989,33256.6,136654,119051,663416.666666667,1380869.66666667,2540,140555.6,11132,2684974,-1.48319921885794,3.41877704445136,-0.181027286451335,6.74270734601889,3.96328943612577,3.46719060217186,3.33783092050121
"LANMLR17B115",90.75,90,1931292.5,10632576,22684.5,82470,NA,6158,51451.3333333333,76858.5,10999.3333333333,71498.75,1292106.25,482579.5,9064.33333333333,99360.5,19257,22479,141316.75,248238.25,2760762,1848731,27506.5,NA,69735.75,54997,26195.5,221791.75,346784.75,230704,1883593.5,13367.5,2559884.5,17824,17457,9456.5,13682.6666666667,17598,NA,75630,NA,383852.75,13751.3333333333,92652,10223,4951,87471.75,7283,12755,2503,98007,18849.5,25385.75,16618,2221,25951,88377,19864,22690.75,24000.75,265875.666666667,319286,112687,NA,4637.33333333333,19142.75,66278,153423,1035045,1226358.5,2564,103520,33476.5,2189007.5,-2.45326117617556,2.65232343317989,-0.984088948900784,5.59745953927553,4.796086182665,4.31159307157323,4.34761702839809
"LANMLR17B116",69.5,67.3333333333333,1929847.75,10038201.25,31995.6666666667,123552,NA,8388.66666666667,84054.6666666667,70487,7971.33333333333,21113.5,1306994.5,525274.25,5779,52280.5,9641.25,18549.75,64571.25,229378.25,2244759.5,1558005.25,41615.75,NA,69290.25,43565.75,19385.5,435058.75,361564,457947,1644825,17734,2734322.25,8920,16664,15912.5,18832.25,20381,NA,10149,NA,550774.25,8434.33333333333,2623,12638.3333333333,NA,53327,9585,7220,NA,5138,56500,54413.75,16368,NA,8135,9321,4632,60525.75,90211.25,352731.333333333,551566.666666667,222875.5,NA,17222.5,34501.5,156076.25,194836.5,840770,1481573,NA,161996.5,6981.5,3385049.25,-2.6009174998786,1.4538840020513,-1.35796448919662,5.67110193150331,4.31146997928474,3.97245523421408,3.97494800255804
"LANMLR17B118",82,81,2660042.33333333,8117298,14982.5,74104.3333333333,NA,4930.5,54033.3333333333,56203.3333333333,10487,62636,1794735.66666667,735980.333333333,6447.66666666667,34807.3333333333,6168.33333333333,17621.3333333333,72490.3333333333,280799.666666667,1771757,1413154,26130.3333333333,NA,56253.6666666667,36574,28254.3333333333,350415.333333333,394779.666666667,346181.666666667,1260444.66666667,21070,1991728.33333333,NA,NA,12087,16077.5,13853,NA,23589,NA,295082,10955.6666666667,NA,9124,1645,75023.6666666667,NA,NA,754,NA,7966.66666666667,27438,5207,2325,1754,NA,NA,12211,34738.6666666667,357686.333333333,478744.666666667,219322,NA,6065.5,11648.6666666667,119526,182495,1074121,1507344.5,1341,131424.666666667,10955.6666666667,3262246,-1.72322203764564,2.47056041614535,-0.299584215698058,5.7796237941162,3.11021377155644,2.83114046887912,2.65596442306311
"LANMLR17B119",83.2,81.6,2058556.8,10495200.2,9101.66666666667,87586.75,NA,7006.33333333333,64597,62038.8,8449,87207.6,1316428.2,586123,7157.25,33138.8,9237.6,17214.6,47549,329863.4,2782740.4,1696186.4,28855.6,NA,55414,39353.2,22926.8,226921.2,467764.6,288326.2,1814041,18294.5,2600610.6,10954,23106,8246.8,11486.75,11861.2,NA,22076.5,NA,200609.6,7404.6,10646,6681.33333333333,3793,23016.6,4860,4527,3401,13806,25592.2,43269,21636,9720,13022,4931,25681,27133,45305,302853.5,463234.75,192434.6,NA,6875.5,15827.6,80702.8,154127.5,690011.666666667,1367428,3100,125950.8,9533.8,2462053.4,-2.70201005185184,2.05650317863355,-1.29080262983244,7.09379393865961,4.54473665372121,3.95884808013736,4.03704057264104
"LANMLR17B120",98.2,94.8,2976050.4,9218311.8,14362.5,78683,NA,4499,48150.5,99801.4,13745.5,49133,1979463,836656.6,8944.5,47352.4,12158,12850.8,92814.5,175860,2519893.6,2125680.2,26202.4,NA,61012.6,62835,12320.6,223447.8,185989.8,231484,1259567,20506,2124212.6,28067,15451,11962.4,15169.3333333333,11541.2,NA,38247.3333333333,NA,174011.2,21363,8131,5704.5,8144,20553,10867,4138,6612.5,13985,37463.6,65086.4,88142.3333333333,7643,16983.3333333333,6905,47444,31259.4,32345,296660.25,587465.5,360627.4,NA,9361,33543.4,67697,90153.75,516373,1353344.5,5448.5,103266.4,18716.6,2274666.6,-1.9586411286545,2.84163035004146,-0.433263955595273,6.99990724105774,3.61959054876331,3.39784109209368,2.63049301662875
"LANMLR17B121",101.6,100.6,2695398.8,11314640.8,28786,90472.3333333333,NA,10509,49832,73674.8,5426.33333333333,70224.8,1922682.6,625560.8,11180.3333333333,29164.4,8337.2,24708.6,66564.25,312148.2,3114366.4,1857093.4,30949.2,NA,68082.6,49398.2,25427.4,427264.2,413959.6,327069.4,1934883.2,16755.5,2577168.6,15838,23860.5,15258.6,14765.75,15787.4,NA,24413,NA,225363.6,6996.33333333333,7905,16102.5,13833,77472.4,12785.5,13495,11986,7772.5,11397.6,38331.8,39102.3333333333,9290,55127,14492.5,6217.5,17033.6,30759.6,263017,391393.333333333,126993,NA,4486.5,14007.8,54054,108772.2,581371.5,1072092.5,961,88386.2,7359.8,1628540.8,-2.12280666299834,2.64209008707013,-0.498328150469892,6.53776278579731,5.13031318497933,4.51511149223857,4.56814057516204
"LANMLR17B122",79.3333333333333,78.3333333333333,162836.666666667,11296330.3333333,9681,78536.6666666667,NA,4599.5,83674.6666666667,77894,4373.33333333333,2861.33333333333,57727.3333333333,19980.6666666667,12226.3333333333,65650.6666666667,13230.6666666667,27915,83884.3333333333,449229,2079974,2063287.33333333,47648.6666666667,NA,81586,50309,30204.6666666667,627553.666666667,437727,476370.666666667,1819338.66666667,22736.5,2880081,NA,NA,12207.3333333333,47209,20238,NA,3728,NA,435594.666666667,8700,NA,9903,1203,78170,NA,NA,1333,NA,11342.6666666667,28677.6666666667,3425,1307,1506,NA,NA,15563,29374.6666666667,247886.333333333,333335,153244.666666667,NA,7248.5,11362.3333333333,77548.6666666667,138489,768140,1208523.5,1120,165277.666666667,8700,2457502,-6.27501201795705,-2.87328957887832,-5.73000629144843,5.94152027239175,4.31820711190641,4.31031266274746,4.17221696292758
"LANMLR17B123",91.5,90.25,3410860,11079683,9035.5,125838,NA,5732.5,112737.5,80983.75,9303.5,61111.5,2415715.75,848397.25,11360,38061.5,16209.25,28179,70976,368456.75,3494553.33333333,1757971.75,32910.5,NA,68794.25,36023.5,22152,428171,475148.25,265285.5,1980013,26121,2783708.25,20393.5,63522,13356.25,21213,12892.75,NA,14459,NA,388545.5,7314,5482,2229.5,NA,8556.5,6202.5,2200,NA,9373.5,41514.25,27881.75,32948,NA,6057.5,3229,25122.5,72208.5,67917.5,277015.5,311279.5,63837.25,NA,13526.5,64301.25,214847,193443.5,614150,865514,NA,122154,8226.5,1748973,-1.87470234880828,3.19070420473298,-0.374096694671515,8.47813936817511,7.83540000992468,6.08345453546646,6.21462405358416
"LANMLR17B125",99.1666666666667,53.6666666666667,3054776,11640539,14751,101756.333333333,NA,5814.33333333333,70156.3333333333,110696.833333333,6176.66666666667,55995.5,2165557.66666667,719437.666666667,8368,77798,10207,17834,79797,223822,3488497.16666667,2265801.66666667,27631,NA,65339.6666666667,57729,17261.6666666667,215337.166666667,310383.5,189891.5,1834924,13388,2688243,23780.3333333333,36092.3333333333,11641.3333333333,11254.8333333333,14940,NA,48367.3333333333,NA,321534.166666667,9877,9520.66666666667,19475.6666666667,NA,42394.8333333333,4500.33333333333,4200.33333333333,NA,11965,30099.3333333333,35491.6666666667,9337.33333333333,NA,18240.6666666667,5366.66666666667,20190.3333333333,35173.3333333333,30166,266108.333333333,340338.666666667,98496,NA,11148.8333333333,20800.1666666667,64865.1666666667,117511.25,612596.666666667,969692.666666667,NA,88863.5,12991.1666666667,1587982.5,-2.13302642894856,3.26426566033289,-0.61619043426084,7.33385016657193,6.51677558777827,5.98155190342212,5.71713301105528
"LANMLR17B129",102.4,83,6035528.8,9849601.2,9837,122537,8659,4505,59591.5,95411.6,34053,116404.2,4107308.2,1702783.6,2741,66069.8,11676.4,9143.8,61940,167340.4,3378679,1646530.8,33750.2,8786,57701.6,75627,21519.4,250596.4,243470.2,205007.4,1715437.2,NA,1756388.8,27184,67944.75,13263.8,8782,29166.2,NA,53369.6666666667,76225,450286.2,9972,34993,10872,NA,35583,7155.75,5508.66666666667,NA,12070,16878.2,41349.6,21306,2773,12338.5,24079.3333333333,8769.25,25318.6,41254.8,664918,884382.5,114992,3832,7967.2,30208.4,88893.4,183416.75,858489,1717915,10529,51877.8,24984.6,1733846.8,-0.838036269719555,4.21666361255488,1.88065769249843,7.64726970947877,7.09783960785243,6.27924811981453,6.16734258638547
"LANMLR17B132",107.666666666667,107,3507515,9671045.33333333,32877,61442.5,NA,4257,36106,74568.6666666667,13343.5,67742.6666666667,2242680.66666667,1113627.33333333,11271.5,24641.6666666667,7341.66666666667,15920,25945,129468,2839903.33333333,1897718,25107,NA,46525.3333333333,28689.6666666667,14082.6666666667,225976.333333333,221869.666666667,256535.666666667,1747041.33333333,NA,2116566,13342,21779,14616.6666666667,9498,11049.6666666667,NA,15865.5,NA,249022.666666667,20960,2403,11661,1472,47142.3333333333,1865,4429,972,6934,11657.3333333333,21856,8560.5,1899,4643,3895,12718,13725.3333333333,15939,264126.5,383161.5,131113,NA,7327,10845.6666666667,62289.6666666667,119710.5,1041551,1996816,1459,66451.3333333333,14774.3333333333,1868144.66666667,-1.55994616511995,3.07271840987136,0.0708985381762801,7.87568131430765,5.95435200185281,5.41032515238204,5.18828302527371
"LANMLR17B134",76,72.6666666666667,3091215.66666667,7905144.33333333,17181.5,85309.3333333333,NA,5401.5,45114,67881,10592.3333333333,64406.3333333333,1727940.33333333,1220395.66666667,1449,33659.6666666667,8473.66666666667,16415.3333333333,37736,199749.333333333,1971237.33333333,1363221.66666667,27828.6666666667,NA,52550.6666666667,32503.3333333333,18036.6666666667,220607,309867.666666667,300832.333333333,1327309,NA,1966062.33333333,NA,NA,12485.6666666667,11132.5,12113,NA,10863,NA,456301,9296,NA,7763.5,2665,56981.6666666667,NA,NA,1150,NA,13362.3333333333,33000,10997,4559,10672,NA,NA,17462.3333333333,35026.6666666667,323644,523656,272946,NA,7854,14900.6666666667,72793.6666666667,115111,765080,1292364,1729,134024.333333333,9296,2871516,-1.3570439698201,2.66882760967277,-0.222675324643091,6.44365100454214,3.16253020276095,2.71395371176675,2.65287280776843
"LANMLR17B135",97.6666666666667,94.3333333333333,2454734,11034347.6666667,15229,107502.5,NA,7068.33333333333,66686,90233.1666666667,10488.75,56424.5,1715174.5,585909.333333333,13745,35184.1666666667,9792,21841.8333333333,63338.1666666667,221566.833333333,3523763.8,2122755.16666667,29926.5,NA,65802.1666666667,52527.1666666667,16668.6666666667,310079.666666667,285252.666666667,285779.5,1852361.5,4697,2671461.66666667,10871.5,17314.5,11861.8333333333,11554.4,16221.8333333333,NA,26310,NA,190476.666666667,8369.5,4157,13576.6666666667,1620,51619.3333333333,8362.5,8413,1083,5420,46203,61617.6666666667,42469,1134,18549,9345,4220,76601.3333333333,80728.8333333333,208017.75,278008.75,104463.833333333,NA,22533.2,35206.6666666667,100021,127589.333333333,540925,1363588,1764,119659.833333333,6965.33333333333,2029253.83333333,-2.55136416026911,2.32924626657962,-0.991794174523777,7.26016042397095,5.93085522073806,4.96289009160517,4.74302073792028
"LANMLR17B138",70.75,71.25,1100517.5,14312377.25,10720,108174.5,1657,5433.33333333333,34253.6666666667,98398.25,8196.66666666667,28665.5,598973,368333.25,32804,45983,17189,32505.25,56399.5,468244.25,4444692.75,2352879.5,22734.5,10683,60138.75,47183.5,31355,488800.75,486274,317823.25,2252035.5,12729.5,3130608,16788,13241.5,14285.25,10778,11000.75,NA,7383,20069,244416.75,9894,15183,4000,NA,20226,5993,7832,NA,5243,17747.75,64909.5,37603.5,9638,18075.5,12847,6011.5,25207.25,48744.25,335083.666666667,477195.666666667,198890.333333333,6001,7404,15271.25,71047,150407,408699,972995,10788,84266.75,8742.75,1920428,-4.00588529639921,0.608377202315951,-2.69163145299684,8.87122123168617,5.03582591946142,4.42301168476272,4.17969478377762
"LANMLR17B140",72.25,67,1686437.75,13466653.25,31818.5,131386,8078,7810,52849,79514.75,13179,18167,1117913.5,460958.25,11162.6666666667,37589,11342.25,28137.5,108131,327014.5,4301274.75,2242773.5,28228.25,9700,80025,43836.75,21564,406638.5,374036.25,327973.75,2546998.5,26205,2528967,19797,14714.5,13240.5,5345.33333333333,13730.75,NA,10715,21695,443359.5,13562,12004,9937.5,NA,56578.75,1396,3712,NA,2946,9038,33782.75,13293.5,1633,12405,8420,2157.5,16869.5,24056.25,284203.666666667,398213,179091.333333333,2565,5250.75,11502.5,59843.5,134915.25,414349,1292468.5,1398,113206.75,9782,1876876.75,-3.00130841349318,1.70511456911025,0.310522020507385,7.32497165514972,4.84826639880215,4.40575657220012,4.4347492451729
"LANMLR17B144",89.8333333333333,87.8333333333333,1186585.33333333,11842398.5,23175,128450,NA,8096.66666666667,106153,58922.8333333333,9179.75,47598.8333333333,814934.166666667,259009.666666667,11203.25,32989.1666666667,19515.5,24505.6666666667,97049.8333333333,383626,2647823.2,1994704.5,40152.3333333333,NA,81433.1666666667,81396.1666666667,28331.8333333333,428458.833333333,517713.833333333,376395.5,1979128.66666667,20813.6666666667,3470644.5,22515,33361,17572.5,24184.6666666667,22566,NA,22024,NA,483511.5,10596.6,10141.5,38249.75,NA,37825.5,2829.5,2943.5,NA,10995.5,42271.8333333333,41033.1666666667,7425,NA,11615.5,4822.5,14922.5,59046.6666666667,63900.8333333333,325393.5,389944.25,129933.833333333,NA,15150.1666666667,31196,114133,196448.2,694721.25,965860.5,NA,160450.333333333,12211,2326162,-3.40620649799335,1.0344587844154,-2.19844119977122,6.61429633262674,5.85244249447226,5.08572018875353,5.08064968861161
"LANMLR17B146",72.5,70.5,1458176,9566417.5,15379.6666666667,93854,NA,4796.66666666667,63110.5,52055,6631,27556.25,1005381.5,366552.25,10036.25,87073,8298.5,22142.75,114114.75,288250.75,2124795.33333333,1738916.75,30496,NA,89813,46637.5,22021,368856.75,419864,356039.25,1535112.75,19299,2804151.75,NA,NA,12270.5,20794.6666666667,14374.5,NA,4507,NA,389624.5,7233.5,NA,4034.66666666667,1523,30655.25,NA,NA,1808,NA,115421.75,87654.25,2465,1249,1396,NA,NA,209625.5,201413.5,256486,291951.75,145414.5,NA,46185,11914,209670.25,142158.5,626177.666666667,1306196.66666667,1251,160562,7233.5,3191733.75,-3.40434644943046,0.874738418268266,-2.19455063103372,6.56556584055489,4.2387647149974,3.77683033297167,3.60062139494843
"LANMLR17B149",89.75,86.5,3775037.5,12871031.75,22518,156741,8249,5529.5,48930.5,76436.5,12340.5,150947.25,2636637,904846.5,25206,54245.5,14976,21447.75,41870,392701.5,4030514.25,1990246.75,25708.5,7208,60284.25,34018.5,34347.5,269861.25,531729.5,184202.25,2574078.5,18276,2541325.5,21418.6666666667,19844.3333333333,12221.5,8339.33333333333,11978.75,NA,22102,49579,154789.75,10941,85356.5,9132,NA,43599.5,6953,2986.5,NA,22574.3333333333,28361,35393.5,27239,1154,7849,34247,21313,38200.5,40391,315814.5,395025.5,96858.6666666667,3069,13645,31062.75,94456.75,153666,461706,997637,1515,68477.5,48148.75,1320039.75,-1.86905568439275,3.76270193741556,-0.0417651973874952,7.22524296244275,6.6344659481674,5.88039227412453,6.16979880176085
"LANMLR17B151",93.25,52,2757495.75,13298612.5,1822,119135,10506,8403,67674.5,71786.75,18630,183367.75,1894740.25,598286,11079,79460.25,24908.75,21441.5,55770.3333333333,531283,4071414,2099716.25,37420,11140,55343,59730.25,61718.75,368512.75,674335.25,255725,2392322.75,14241,2426744,20203,42048.6666666667,18521.5,11878,28070,27907,52861.5,49750,276966.75,4718,128260,9323,NA,31668,11023.6666666667,5852,NA,18877.6666666667,48583.25,52357.25,22302.6666666667,6059,8961.33333333333,26733,4310.66666666667,73804.75,111235.5,369434.5,297157.5,38148,3512,14848,45458.75,142841.5,263373.25,786508,941303,8789,70449,65309.5,1650350.25,-2.47387791962944,2.69206939584817,-0.590261807782353,7.37522907370791,6.99486623576877,6.37433284863358,6.46688941078614
"LANMLR17B152",105.6,104.4,2867403.4,10514380.4,19162,91115.3333333333,NA,4300.5,46560.3333333333,86092.2,8738.66666666667,65907.2,1899721.6,810439.2,11415.3333333333,45008.8,12223.4,22581.4,46785.4,229631,2964667.8,1811017.2,25468.2,NA,57879.8,45987.2,18129.8,252899.2,354140.6,235365.8,1819336.2,15820,2502942.2,16032,68069.5,10355.2,8707,12623.4,NA,24747,NA,264096.4,13940.6666666667,22535.5,9712.5,1643,58066,9314,6571,1874,11154.5,54717.6,52295.2,67941.6666666667,12522,19599,18665,49122.5,76396.6,76404.8,322914,389080.333333333,146975.4,NA,26720,46789,103263.2,149295.2,732005.5,1317002,6390,84325.6,17378.6,2131204.6,-1.86252860197349,3.12941131025864,-0.416086801626287,6.68540038411949,4.96808717951495,4.32430942359586,4.32244757862308
"LANMLR17B153",79,76.6666666666667,4720822.33333333,9033290,12496,146245,NA,8117,96356.5,61436,5840,260151.333333333,3195762.66666667,1199579,10581,36850,11323.3333333333,17031.3333333333,97274,416504.666666667,2083255.66666667,1545714,28073.6666666667,NA,63021.6666666667,37700.6666666667,32261,288711.666666667,475445.333333333,249157,1333535.66666667,22608,2270821,5759,14505,10507.6666666667,14594.3333333333,14624.6666666667,NA,30789,NA,195431.666666667,8144.5,8579,13634,NA,77569,10001,5688,NA,17908,55365.6666666667,46729.3333333333,42660,NA,10003,5931,55624,51211.3333333333,33462,250324.5,323848,108896.333333333,NA,11327,49369.6666666667,140570.666666667,153663,573833.5,962651.5,NA,167145.666666667,8289.33333333333,2142409,-1.28332411176261,3.39722310703074,0.194174680658363,5.39595287373821,4.93594206219745,4.51503337523356,4.30395609914155
