"chrom","start","end","GeneCount","unlist(genhits)","CHR","BP","P"
"chr10",150496950,150559650,2,"Zm00001d026705;Zm00001d026706","chr10",150497220,2.16547820234502e-17
"chr10",150746850,150828650,2,"Zm00001d026709;Zm00001d026711","chr10",150827693,2.79743168714424e-13
"chr10",150152250,150183250,1,"Zm00001d026696","chr10",150180204,9.98382085135858e-13
"chr6",48841150,48985250,1,"Zm00001d035787","chr6",48924773,2.82251337174459e-12
"chr4",12308550,12380450,1,"Zm00001d049007","chr4",12329496,9.68816339193334e-11
"chr10",150334850,150357750,2,"Zm00001d026700;Zm00001d026701","chr10",150356997,9.73721732194479e-11
"chr10",150300550,150317550,1,"Zm00001d026698","chr10",150316922,1.29132123899669e-10
"chr2",236362450,236408250,3,"Zm00001d007623;Zm00001d007624;Zm00001d007625","chr2",236407308,1.8125988374242e-10
"chr10",124238150,124266850,3,"Zm00001d025621;Zm00001d025622;Zm00001d025623","chr10",124263936,3.21913812632898e-10
"chr8",90788050,90896050,1,"Zm00001d009940","chr8",90892671,1.24909410001083e-09
"chr5",137047150,137087050,1,"Zm00001d015988","chr5",137086985,7.09865325603248e-09
"chr6",48566650,48792550,0,"","chr6",48663767,1.40867632239352e-08
"chr1",228821350,228919450,2,"Zm00001d032507;Zm00001d032508","chr1",228915774,1.63875665978834e-08
"chr4",31361550,31538250,5,"Zm00001d049467;Zm00001d049469;Zm00001d049470;Zm00001d049471;Zm00001d049474","chr4",31441022,3.67033345741597e-08
"chr2",50141950,50194450,1,"Zm00001d003614","chr2",50155208,3.73832739754862e-08
"chr1",145974050,146054650,0,"","chr1",145988934,4.77175957134945e-08
"chr6",46102350,46156550,2,"Zm00001d035760;Zm00001d035761","chr6",46130815,5.95347272971175e-08
"chr3",193692550,193776550,3,"Zm00001d043263;Zm00001d043264;Zm00001d043265","chr3",193698467,6.47122129241898e-08
"chr4",33095150,33169950,1,"Zm00001d049522","chr4",33135468,7.83807159863926e-08
"chr6",161220450,161305450,1,"Zm00001d038628","chr6",161293612,8.85243844631828e-08
"chr7",156620850,156704850,2,"Zm00001d021576;Zm00001d021577","chr7",156647993,9.1703633965569e-08
"chr6",46265550,46437650,4,"Zm00001d035763;Zm00001d035764;Zm00001d035765;Zm00001d035766","chr6",46353977,1.03166951419709e-07
"chr7",20042650,20133050,3,"Zm00001d019169;Zm00001d019170;Zm00001d019171","chr7",20109699,1.03225765238335e-07
"chr7",159899550,160017850,3,"Zm00001d021682;Zm00001d021683;Zm00001d021684","chr7",159937513,1.07831398996357e-07
"chr4",26604250,26739050,1,"Zm00001d049330","chr4",26655228,1.35325695998445e-07
"chr7",9659250,9821350,2,"Zm00001d018936;Zm00001d018937","chr7",9819753,1.4366266293526e-07
"chr6",46877650,46967950,2,"Zm00001d035770;Zm00001d035772","chr6",46918106,1.61802375257761e-07
"chr7",130295050,130340150,1,"Zm00001d020726","chr7",130300004,1.76398864847953e-07
"chr2",190556850,190606450,3,"Zm00001d005841;Zm00001d005842;Zm00001d005843","chr2",190601507,2.42989287100934e-07
"chr4",26834550,26918050,2,"Zm00001d049332;Zm00001d049333","chr4",26910834,2.52977230976367e-07
"chr4",208331750,208418750,0,"","chr4",208360168,3.11702133821431e-07
"chr2",184305050,184330850,1,"Zm00001d005713","chr2",184325968,3.16811004604966e-07
"chr2",2050250,2095050,4,"Zm00001d001861;Zm00001d001862;Zm00001d001864;Zm00001d001865","chr2",2067180,3.51699895051552e-07
"chr6",53816750,53977850,0,"","chr6",53926492,3.66730141667881e-07
"chr10",65519150,65525650,2,"Zm00001d024338;Zm00001d024339","chr10",65521072,4.34840515543161e-07
"chr1",172598950,172657750,1,"Zm00001d030997","chr1",172611398,4.61966134643173e-07
"chr6",78625050,78807250,1,"Zm00001d036241","chr6",78626412,4.83671757753182e-07
"chr7",173479350,173530250,2,"Zm00001d022243;Zm00001d022244","chr7",173503567,4.97045784939195e-07
"chr3",14337150,14393150,2,"Zm00001d039769;Zm00001d039770","chr3",14339231,5.01723268003198e-07
"chr5",200658450,200712650,2,"Zm00001d017583;Zm00001d017584","chr5",200709753,5.33531594180735e-07
"chr10",87965950,87972750,0,"","chr10",87970630,6.22999985197784e-07
"chr6",49168350,49370450,1,"Zm00001d035789","chr6",49173481,6.75310541537208e-07
"chr10",70278650,70286250,1,"Zm00001d024420","chr10",70279268,7.26863932286312e-07
"chr6",151907350,151965350,3,"Zm00001d038221;Zm00001d038222;Zm00001d038223","chr6",151954780,8.03180599706985e-07
"chr5",107941950,108001550,0,"","chr5",107957177,8.19137938192422e-07
"chr6",38167550,38257350,2,"Zm00001d035646;Zm00001d035647","chr6",38176972,8.63461211732573e-07
"chr3",192852450,192922050,1,"Zm00001d043242","chr3",192908756,8.8730592388642e-07
"chr4",244604950,244662450,2,"Zm00001d053986;Zm00001d053987","chr4",244612812,1.03557543279997e-06
"chr10",64014750,64058950,1,"Zm00001d024317","chr10",64015702,1.07945029088033e-06
"chr6",54948650,55409850,2,"Zm00001d035843;Zm00001d035844","chr6",55330448,1.13360664947225e-06
"chr4",43264550,43458650,3,"Zm00001d049757;Zm00001d049759;Zm00001d049760","chr4",43398530,1.20511239138146e-06
"chr10",99814150,99821850,2,"Zm00001d025016;Zm00001d025017","chr10",99815775,1.33360531953734e-06
"chr10",26306950,26377150,2,"Zm00001d023885;Zm00001d023886","chr10",26307119,1.3575790217593e-06
"chr3",43532350,43699150,3,"Zm00001d040441;Zm00001d040442;Zm00001d040443","chr3",43539916,1.56822755863448e-06
"chr2",2249050,2324950,4,"Zm00001d001879;Zm00001d001880;Zm00001d001881;Zm00001d001882","chr2",2252639,1.62398553022773e-06
"chr10",8683350,8711650,1,"Zm00001d023523","chr10",8711434,1.76308532310191e-06
"chr9",88264650,88433150,0,"","chr9",88427224,1.90045480694624e-06
"chr7",11287750,11419050,0,"","chr7",11321247,2.05522573570223e-06
"chr3",138755250,138832850,6,"Zm00001d041798;Zm00001d041799;Zm00001d041800;Zm00001d041801;Zm00001d041803;Zm00001d041804","chr3",138832411,2.10492289816779e-06
"chr7",108624350,108747250,2,"Zm00001d020353;Zm00001d020354","chr7",108634507,2.24009406706202e-06
"chr2",210095550,210175750,6,"Zm00001d006503;Zm00001d006504;Zm00001d006505;Zm00001d006506;Zm00001d006507;Zm00001d006508","chr2",210097383,2.25203252631393e-06
"chr6",58125350,58243450,2,"Zm00001d035875;Zm00001d035876","chr6",58229097,2.46605795722769e-06
"chr7",110591150,110783650,3,"Zm00001d020385;Zm00001d020386;Zm00001d020387","chr7",110774921,2.60707881076297e-06
"chr6",122256250,122419850,3,"Zm00001d037346;Zm00001d037349;Zm00001d037350","chr6",122411134,2.67444382609125e-06
"chr4",26739050,26834550,1,"Zm00001d049331","chr4",26801459,2.83880630226271e-06
"chr2",66746450,66862850,1,"Zm00001d003911","chr2",66817388,3.17776545048394e-06
"chr3",189465550,189583050,5,"Zm00001d043112;Zm00001d043113;Zm00001d043114;Zm00001d043115;Zm00001d043116","chr3",189581950,3.22531222981808e-06
"chr4",6165450,6231450,5,"Zm00001d048837;Zm00001d048839;Zm00001d048840;Zm00001d048841;Zm00001d048842","chr4",6184494,3.23400628693111e-06
"chr10",138708650,138715950,0,"","chr10",138708865,3.44723103191461e-06
"chr4",34071650,34173650,1,"Zm00001d049543","chr4",34103320,3.4553245401339e-06
"chr10",64155550,64190350,1,"Zm00001d024318","chr10",64155735,3.45809350760467e-06
"chr3",191670350,191705850,1,"Zm00001d043206","chr3",191678170,3.56391909496675e-06
"chr10",3653850,3662750,1,"Zm00001d023337","chr10",3659412,3.66286978147726e-06
"chr10",124414250,124516050,3,"Zm00001d025626;Zm00001d025627;Zm00001d025628","chr10",124513921,4.00633890073959e-06
"chr10",41075250,41077750,1,"Zm00001d024066","chr10",41075863,4.01517283976212e-06
"chr10",126094450,126111550,3,"Zm00001d025679;Zm00001d025680;Zm00001d025681","chr10",126109640,4.12906801605642e-06
"chr7",14438850,14600450,1,"Zm00001d019060","chr7",14495333,4.6983057440151e-06
"chr2",10602250,10615450,3,"Zm00001d002340;Zm00001d002341;Zm00001d002342","chr2",10608511,4.85225560233624e-06
"chr2",209832050,209950050,3,"Zm00001d006495;Zm00001d006496;Zm00001d006497","chr2",209833922,5.17427338795117e-06
"chr6",53462850,53671350,4,"Zm00001d035823;Zm00001d035824;Zm00001d035825;Zm00001d035826","chr6",53598250,5.36887758664763e-06
"chr10",87526350,87546150,2,"Zm00001d024779;Zm00001d024781","chr10",87545667,6.02276676799409e-06
"chr5",136779750,136806850,1,"Zm00001d015985","chr5",136805812,6.10954006690242e-06
"chr10",5567550,5601550,1,"Zm00001d023437","chr10",5600274,6.55929314749907e-06
"chr7",130138550,130228450,2,"Zm00001d020722;Zm00001d020723","chr7",130175575,6.76975220373142e-06
"chr4",32835650,32911750,1,"Zm00001d049511","chr4",32892273,7.23304818779546e-06
"chr2",34408750,34489550,2,"Zm00001d003172;Zm00001d003173","chr2",34447793,7.51522639975183e-06
"chr10",108824050,108837650,1,"Zm00001d025200","chr10",108836565,7.59153743021855e-06
"chr2",195566150,195667650,2,"Zm00001d006027;Zm00001d006028","chr2",195572363,7.98425837167324e-06
"chr10",150050650,150054450,2,"Zm00001d026690;Zm00001d026691","chr10",150052213,8.6324258642131e-06
"chr7",153835550,153918450,2,"Zm00001d021488;Zm00001d021489","chr7",153856497,9.10152076739237e-06
"chr10",144774650,144779150,1,"Zm00001d026379","chr10",144777798,9.33707919220293e-06
"chr7",164622950,164641050,1,"Zm00001d021858","chr7",164638950,9.44899811712098e-06
"chr9",110390650,110448850,1,"Zm00001d046916","chr9",110419185,9.83959489241979e-06
"chr6",6132050,6186450,1,"Zm00001d035119","chr6",6136244,9.89857199448387e-06
"chr7",4986150,5091450,3,"Zm00001d018779;Zm00001d018780;Zm00001d018781","chr7",5062851,9.93456020460565e-06
"chr2",194830250,194923050,5,"Zm00001d005989;Zm00001d005990;Zm00001d005991;Zm00001d005992;Zm00001d005993","chr2",194858271,1.04714581731103e-05
"chr10",149643950,149656750,1,"Zm00001d026668","chr10",149654671,1.06222702041068e-05
"chr7",175993750,176061450,3,"Zm00001d022350;Zm00001d022351;Zm00001d022352","chr7",176001525,1.08526247941381e-05
"chr10",149339250,149346350,2,"Zm00001d026645;Zm00001d026647","chr10",149339456,1.14823097598169e-05
"chr10",63730750,63758450,0,"","chr10",63730817,1.1818163621915e-05
"chr7",161894150,162020450,4,"Zm00001d021739;Zm00001d021740;Zm00001d021741;Zm00001d021742","chr7",161898998,1.20291654110323e-05
"chr2",210530950,210604650,4,"Zm00001d006529;Zm00001d006530;Zm00001d006531;Zm00001d006533","chr2",210568035,1.21917204884864e-05
"chr2",121223150,121320050,0,"","chr2",121238228,1.22374803734501e-05
"chr6",60159350,60252350,0,"","chr6",60225849,1.22628087979613e-05
"chr6",107815650,107980450,1,"Zm00001d036971","chr6",107862114,1.22938993130648e-05
"chr2",77342550,77505650,2,"Zm00001d004033;Zm00001d004035","chr2",77475049,1.23436471414426e-05
"chr4",11913250,11915650,1,"Zm00001d048994","chr4",11915476,1.2782440863055e-05
"chr7",94316750,94446850,1,"Zm00001d020124","chr7",94424688,1.2858697078373e-05
"chr2",188546450,188695850,0,"","chr2",188619805,1.2928698650366e-05
"chr2",29191850,29257250,3,"Zm00001d003002;Zm00001d003003;Zm00001d003004","chr2",29243543,1.30582120271774e-05
"chr2",20729250,20848450,1,"Zm00001d002736","chr2",20731898,1.30993313000655e-05
"chr4",50174850,50378750,2,"Zm00001d049882;Zm00001d049883","chr4",50358717,1.36572376594471e-05
"chr10",27937250,27980350,1,"Zm00001d023914","chr10",27980058,1.38219205787566e-05
"chr6",123885850,123958050,1,"Zm00001d037384","chr6",123932158,1.39109115064057e-05
"chr7",2890550,2971450,2,"Zm00001d018709;Zm00001d018710","chr7",2903700,1.47518156284928e-05
"chr4",24953650,25003450,1,"Zm00001d049295","chr4",24983188,1.48598738857893e-05
"chr4",204932750,204980550,2,"Zm00001d052921;Zm00001d052922","chr4",204937948,1.48937989460199e-05
"chr4",203546550,203587550,1,"Zm00001d052889","chr4",203557640,1.50681536364774e-05
"chr4",5127350,5232550,4,"Zm00001d048763;Zm00001d048764;Zm00001d048765;Zm00001d048766","chr4",5218294,1.52688111835798e-05
"chr2",11785950,11823650,2,"Zm00001d002391;Zm00001d002392","chr2",11808175,1.66090331490102e-05
"chr10",31148050,31253650,1,"Zm00001d023950","chr10",31184149,1.6857391108817e-05
"chr10",115866750,115934050,2,"Zm00001d025369;Zm00001d025371","chr10",115867508,1.75686423847184e-05
"chr10",83032850,83122350,1,"Zm00001d024671","chr10",83120898,1.803250564704e-05
"chr7",1082750,1160150,2,"Zm00001d018617;Zm00001d018618","chr7",1112732,1.81881105449022e-05
"chr2",184371850,184444850,0,"","chr2",184426716,1.81998785062053e-05
"chr7",2866950,2890550,1,"Zm00001d018708","chr7",2868851,1.84680124090436e-05
"chr4",225197750,225361350,3,"Zm00001d053305;Zm00001d053306;Zm00001d053307","chr4",225274403,1.84893312205505e-05
"chr3",45616350,45764450,4,"Zm00001d040474;Zm00001d040475;Zm00001d040476;Zm00001d040477","chr3",45764403,1.86032913614496e-05
"chr1",159656550,159704450,1,"Zm00001d030785","chr1",159674873,1.89598687206475e-05
"chr4",24741750,24863450,0,"","chr4",24821278,1.92617289233607e-05
"chr7",14219750,14313550,3,"Zm00001d019052;Zm00001d019053;Zm00001d019054","chr7",14293679,1.93329832160791e-05
"chr5",109454650,109463250,0,"","chr5",109463130,2.02583857250901e-05
"chr6",60284250,60321650,1,"Zm00001d035920","chr6",60307197,2.05240477311662e-05
"chr5",199058750,199108450,3,"Zm00001d017539;Zm00001d017540;Zm00001d017541","chr5",199059192,2.08125294807238e-05
"chr10",136436750,136477550,0,"","chr10",136477279,2.1601614105546e-05
"chr4",228355550,228413850,3,"Zm00001d053376;Zm00001d053377;Zm00001d053378","chr4",228374933,2.1616627511875e-05
"chr7",156463550,156541750,2,"Zm00001d021573;Zm00001d021574","chr7",156487288,2.1833565894782e-05
"chr10",94233350,94279650,4,"Zm00001d024905;Zm00001d024906;Zm00001d024907;Zm00001d024908","chr10",94277265,2.19965526733668e-05
"chr2",201915650,201992550,2,"Zm00001d006212;Zm00001d006213","chr2",201962216,2.21699820666823e-05
"chr10",64684550,64763150,1,"Zm00001d024325","chr10",64684553,2.33470721845118e-05
"chr2",57111950,57300850,0,"","chr2",57300313,2.36139803540968e-05
"chr2",1947750,1997950,2,"Zm00001d001855;Zm00001d001856","chr2",1950724,2.38754137446273e-05
"chr9",110884550,110924350,1,"Zm00001d046922","chr9",110886474,2.45234237907666e-05
"chr2",14220850,14300450,4,"Zm00001d002507;Zm00001d002508;Zm00001d002509;Zm00001d002510","chr2",14292868,2.45680821698232e-05
"chr6",136460750,136577450,1,"Zm00001d037758","chr6",136559275,2.45898252301134e-05
"chr6",82265050,82466250,1,"Zm00001d036296","chr6",82444708,2.48592251515857e-05
"chr2",47816850,47895350,6,"Zm00001d003551;Zm00001d003552;Zm00001d003553;Zm00001d003554;Zm00001d003555;Zm00001d003556","chr2",47888964,2.51829392784777e-05
"chr10",76840250,76845050,1,"Zm00001d024534","chr10",76842083,2.54530012306658e-05
"chr1",292906850,292920650,1,"Zm00001d034433","chr1",292918646,2.55880129057803e-05
"chr2",46869150,47107750,1,"Zm00001d003533","chr2",47106112,2.68598660906129e-05
"chr4",43568250,43627750,1,"Zm00001d049762","chr4",43591644,2.76104415758998e-05
"chr10",143657450,143713450,1,"Zm00001d026334","chr10",143657465,2.99463092230743e-05
"chr10",94092350,94182250,1,"Zm00001d024904","chr10",94181368,3.01346830446571e-05
"chr6",141571550,141656450,2,"Zm00001d037904;Zm00001d037905","chr6",141652571,3.02555288533959e-05
"chr2",178869550,179044850,1,"Zm00001d005573","chr2",178931727,3.03948894454294e-05
"chr4",169514850,169732450,3,"Zm00001d051783;Zm00001d051784;Zm00001d051785","chr4",169685789,3.08851176633145e-05
"chr9",109785350,110064550,5,"Zm00001d046903;Zm00001d046905;Zm00001d046906;Zm00001d046909;Zm00001d046910","chr9",110060636,3.08868074091373e-05
"chr4",161095650,161178850,4,"Zm00001d051514;Zm00001d051515;Zm00001d051516;Zm00001d051517","chr4",161111833,3.24134272960479e-05
"chr10",10706350,10749650,1,"Zm00001d023581","chr10",10706672,3.24970652380422e-05
"chr10",139334050,139350650,1,"Zm00001d026133","chr10",139348890,3.27707816781833e-05
"chr6",142947550,143045850,2,"Zm00001d037944;Zm00001d037945","chr6",143003948,3.33197647181336e-05
"chr2",65022950,65206150,3,"Zm00001d003884;Zm00001d003885;Zm00001d003886","chr2",65023977,3.33667810790583e-05
"chr4",136879350,136999550,1,"Zm00001d051014","chr4",136924708,3.44401332344309e-05
"chr7",165484750,165561750,7,"Zm00001d021889;Zm00001d021890;Zm00001d021891;Zm00001d021892;Zm00001d021893;Zm00001d021894;Zm00001d021895","chr7",165532663,3.54213431202952e-05
"chr7",162865050,162977650,8,"Zm00001d021777;Zm00001d021778;Zm00001d021779;Zm00001d021781;Zm00001d021782;Zm00001d021783;Zm00001d021784;Zm00001d021785","chr7",162875922,3.66020898633533e-05
"chr4",160889450,160955250,0,"","chr4",160952779,3.68842785720433e-05
"chr3",21871350,21988950,1,"Zm00001d039989","chr3",21877667,3.71745003707837e-05
"chr4",164966450,165187850,6,"Zm00001d051627;Zm00001d051628;Zm00001d051629;Zm00001d051630;Zm00001d051631;Zm00001d051632","chr4",165053891,3.77857445453864e-05
"chr4",92673950,92843050,1,"Zm00001d050488","chr4",92816937,3.85742721917502e-05
"chr5",163655850,163736350,3,"Zm00001d016471;Zm00001d016472;Zm00001d016473","chr5",163725100,3.95200373450447e-05
"chr6",52777950,53117650,2,"Zm00001d035818;Zm00001d035819","chr6",52784657,4.17788612507702e-05
"chr6",157233350,157292350,4,"Zm00001d038436;Zm00001d038437;Zm00001d038438;Zm00001d038439","chr6",157254538,4.38606461225179e-05
"chr6",96451150,96570350,3,"Zm00001d036653;Zm00001d036654;Zm00001d036655","chr6",96555380,4.46544374213005e-05
"chr2",88868350,88962650,1,"Zm00001d004171","chr2",88962619,4.59064886336885e-05
"chr10",28486750,28567950,0,"","chr10",28488018,4.7414673625245e-05
"chr4",52284150,52453750,1,"Zm00001d049914","chr4",52311388,4.84618155782208e-05
"chr2",224275550,224392550,0,"","chr2",224296153,4.85088756082183e-05
"chr7",125102750,125157950,2,"Zm00001d020613;Zm00001d020614","chr7",125136384,4.95376593213726e-05
"chr5",109024150,109277050,1,"Zm00001d015703","chr5",109267147,4.99533745518046e-05
"chr2",8143050,8346550,16,"Zm00001d002200;Zm00001d002202;Zm00001d002203;Zm00001d002204;Zm00001d002205;Zm00001d002206;Zm00001d002207;Zm00001d002208;Zm00001d002209;Zm00001d002211;Zm00001d002212;Zm00001d002213;Zm00001d002214;Zm00001d002215;Zm00001d002216;Zm00001d002217","chr2",8146222,5.0421014957604e-05
"chr6",57522650,57612650,0,"","chr6",57544782,5.19250421633401e-05
"chr7",108934250,109143650,2,"Zm00001d020359;Zm00001d020360","chr7",108950704,5.44885234378826e-05
"chr1",148949150,148978350,1,"Zm00001d030620","chr1",148978334,5.49322725464944e-05
"chr7",169437350,169504350,2,"Zm00001d022072;Zm00001d022073","chr7",169478133,5.61720838219989e-05
"chr4",238481350,238611150,2,"Zm00001d053667;Zm00001d053670","chr4",238522882,5.65210688890836e-05
"chr4",80822450,80849350,1,"Zm00001d050317","chr4",80846241,5.6778515821828e-05
"chr6",129984650,130182850,6,"Zm00001d037569;Zm00001d037570;Zm00001d037573;Zm00001d037574;Zm00001d037575;Zm00001d037576","chr6",130010510,5.71473353827411e-05
"chr6",68808450,68964450,1,"Zm00001d036048","chr6",68898698,5.73788213124877e-05
"chr2",226497650,226565650,0,"","chr2",226540764,5.77089962094567e-05
"chr1",234070650,234104050,1,"Zm00001d032681","chr1",234076951,5.7764179465383e-05
"chr10",5746850,5750150,1,"Zm00001d023446","chr10",5747757,5.8819106980515e-05
"chr4",245552450,245651750,9,"Zm00001d054049;Zm00001d054050;Zm00001d054051;Zm00001d054052;Zm00001d054054;Zm00001d054055;Zm00001d054056;Zm00001d054057;Zm00001d054060","chr4",245632804,6.08969250749e-05
"chr2",227420550,227455650,1,"Zm00001d007310","chr2",227432498,6.13227759091964e-05
"chr2",9744050,9786450,2,"Zm00001d002299;Zm00001d002301","chr2",9773366,6.2977490326131e-05
"chr2",19829750,19904850,2,"Zm00001d002706;Zm00001d002707","chr2",19852667,6.64164879051864e-05
"chr2",4298850,4335950,4,"Zm00001d002007;Zm00001d002008;Zm00001d002011;Zm00001d002012","chr2",4320978,6.74063862715734e-05
"chr8",174298550,174337950,4,"Zm00001d012425;Zm00001d012426;Zm00001d012427;Zm00001d012428","chr8",174306156,6.79460412776708e-05
"chr3",125951950,126008150,3,"Zm00001d041526;Zm00001d041528;Zm00001d041529","chr3",125970660,6.90246623344187e-05
"chr4",147118550,147171150,0,"","chr4",147140815,6.95501180533421e-05
"chr8",62268550,62472850,2,"Zm00001d009397;Zm00001d009398","chr8",62299817,6.964209470359e-05
"chr6",78964350,79155050,0,"","chr6",79115442,7.00991728370377e-05
"chr10",87267050,87289350,1,"Zm00001d024770","chr10",87267599,7.21281178342993e-05
"chr4",41323850,41491250,3,"Zm00001d049717;Zm00001d049718;Zm00001d049719","chr4",41329194,7.38069339317976e-05
"chr7",158954250,159011850,2,"Zm00001d021645;Zm00001d021646","chr7",158959369,7.39194219670075e-05
"chr6",99625950,99743450,5,"Zm00001d036742;Zm00001d036743;Zm00001d036744;Zm00001d036747;Zm00001d036748","chr6",99724539,7.4093817348723e-05
"chr5",110912150,111021650,0,"","chr5",110913810,7.45822127241617e-05
"chr4",62774650,62895750,1,"Zm00001d050056","chr4",62779390,7.60696994333751e-05
"chr10",134583850,134585450,1,"Zm00001d025952","chr10",134584748,7.65217208230747e-05
"chr6",149608350,149686650,2,"Zm00001d038152;Zm00001d038153","chr6",149633577,7.71366069644682e-05
"chr4",43008250,43099950,1,"Zm00001d049750","chr4",43097627,7.71420500523124e-05
"chr10",149853650,149859950,3,"Zm00001d026683;Zm00001d026684;Zm00001d026685","chr10",149857588,7.74221774736339e-05
"chr10",63873750,63920450,0,"","chr10",63877306,7.8454977138197e-05
"chr10",55436850,55530650,0,"","chr10",55530408,8.08061354542089e-05
"chr6",166111950,166159450,1,"Zm00001d038868","chr6",166150643,8.25774476450682e-05
"chr10",88115350,88118950,0,"","chr10",88116603,8.28008508782547e-05
"chr10",79999250,80006050,1,"Zm00001d024601","chr10",80001971,8.29404459041155e-05
"chr1",41762450,41791950,0,"","chr1",41790656,8.54792153216051e-05
"chr2",79482650,79800450,4,"Zm00001d004051;Zm00001d004052;Zm00001d004053;Zm00001d004055","chr2",79798386,8.65046407467078e-05
"chr8",11935650,12016550,3,"Zm00001d008531;Zm00001d008532;Zm00001d008534","chr8",11974164,8.77525041938313e-05
"chr6",155174350,155325350,3,"Zm00001d038355;Zm00001d038357;Zm00001d038358","chr6",155175372,8.79148461270627e-05
"chr7",177872450,177919750,3,"Zm00001d022445;Zm00001d022446;Zm00001d022447","chr7",177901547,8.94040692881638e-05
"chr2",1257450,1292750,3,"Zm00001d001806;Zm00001d001807;Zm00001d001808","chr2",1270320,9.0284905294607e-05
"chr10",106520750,106541250,1,"Zm00001d025145","chr10",106520847,9.04988811351156e-05
"chr2",48073950,48262550,2,"Zm00001d003563;Zm00001d003566","chr2",48115000,9.1733081485921e-05
"chr10",3922150,4038750,4,"Zm00001d023351;Zm00001d023352;Zm00001d023353;Zm00001d023354","chr10",4037336,9.21079529817076e-05
"chr1",38234250,38241050,1,"Zm00001d028528","chr1",38235067,9.22477755002713e-05
"chr6",57787750,57893850,1,"Zm00001d035870","chr6",57860097,9.28687109521142e-05
"chr4",31978950,32075950,2,"Zm00001d049486;Zm00001d049487","chr4",32026694,9.3113222629145e-05
"chr2",158032650,158092350,2,"Zm00001d005095;Zm00001d005097","chr2",158063269,9.44879007133104e-05
"chr10",41242850,41285450,0,"","chr10",41258366,9.6550088976573e-05
"chr10",23345050,23418250,1,"Zm00001d023820","chr10",23417819,9.6647311139872e-05
"chr6",106203050,106290150,2,"Zm00001d036911;Zm00001d036912","chr6",106205188,9.76203848627187e-05
"chr2",10664250,10707350,3,"Zm00001d002348;Zm00001d002349;Zm00001d002350","chr2",10678783,9.89354677408924e-05
"chr6",162224650,162307750,4,"Zm00001d038666;Zm00001d038667;Zm00001d038668;Zm00001d038671","chr6",162276514,9.91323122228145e-05
"chr6",168014250,168036250,3,"Zm00001d038972;Zm00001d038973;Zm00001d038974","chr6",168020562,9.92605453405727e-05
"chr6",27114550,27256550,0,"","chr6",27140075,0.00010311858746231
"chr6",167143950,167148650,2,"Zm00001d038925;Zm00001d038926","chr6",167145146,0.000104728227491598
"chr7",157344950,157421950,1,"Zm00001d021590","chr7",157377813,0.000106754088505557
"chr10",41533250,41924350,1,"Zm00001d024072","chr10",41923466,0.000106765434515825
"chr6",166323050,166375450,3,"Zm00001d038882;Zm00001d038883;Zm00001d038884","chr6",166356667,0.000107415605710048
"chr7",151225250,151341150,0,"","chr7",151237810,0.00010819669075909
"chr4",55250650,55420750,2,"Zm00001d049954;Zm00001d049956","chr4",55309215,0.000108370395908957
"chr10",24277350,24288150,1,"Zm00001d023843","chr10",24287391,0.000110711872958766
"chr2",10751650,10785150,3,"Zm00001d002356;Zm00001d002357;Zm00001d002358","chr2",10768510,0.000110729312530871
"chr2",153324950,153477250,4,"Zm00001d005006;Zm00001d005007;Zm00001d005008;Zm00001d005009","chr2",153458910,0.000111394933517743
"chr9",76070350,76134750,2,"Zm00001d046242;Zm00001d046243","chr9",76105750,0.0001117478833357
"chr4",2996250,3041850,1,"Zm00001d048667","chr4",3015224,0.000111760095913666
"chr4",19196650,19321550,4,"Zm00001d049175;Zm00001d049176;Zm00001d049177;Zm00001d049178","chr4",19298542,0.00011259080957196
"chr7",142439550,142525750,3,"Zm00001d021086;Zm00001d021087;Zm00001d021088","chr7",142490761,0.000114295044508358
"chr10",97158850,97204850,1,"Zm00001d024966","chr10",97204708,0.00011583481059581
"chr2",217458350,217559350,1,"Zm00001d006828","chr2",217478974,0.000116352651120083
"chr10",22240650,22274850,1,"Zm00001d023802","chr10",22242662,0.000118223122803224
"chr4",208484250,208621550,1,"Zm00001d053003","chr4",208588824,0.000118732832961503
"chr10",98160150,98215050,1,"Zm00001d024992","chr10",98174434,0.00011894250924621
"chr7",92351050,92585050,2,"Zm00001d020107;Zm00001d020108","chr7",92394834,0.000119041928122857
"chr2",237911750,237982650,3,"Zm00001d007710;Zm00001d007712;Zm00001d007713","chr2",237935968,0.000122944325298531
"chr5",104265550,104320050,0,"","chr5",104319485,0.000123161580949972
"chr10",23291650,23335850,2,"Zm00001d023816;Zm00001d023817","chr10",23333209,0.000124290493843065
"chr6",137601250,137684750,2,"Zm00001d037783;Zm00001d037784","chr6",137668111,0.000124927737568751
"chr7",148151050,148175650,2,"Zm00001d021296;Zm00001d021297","chr7",148159323,0.000125309095349725
"chr7",177194750,177269050,3,"Zm00001d022417;Zm00001d022418;Zm00001d022419","chr7",177222401,0.000125793425003963
"chr4",239850150,239908750,4,"Zm00001d053722;Zm00001d053723;Zm00001d053724;Zm00001d053725","chr4",239852968,0.000126518656180503
"chr6",160694550,160732850,1,"Zm00001d038598","chr6",160695570,0.000126868354609714
"chr7",100413050,100659850,1,"Zm00001d020219","chr7",100656142,0.000127338257713995
"chr2",235103950,235332950,4,"Zm00001d007578;Zm00001d007581;Zm00001d007582;Zm00001d007583","chr2",235193397,0.000129040712533108
"chr10",20355850,20570150,1,"Zm00001d023791","chr10",20569975,0.000129322050808033
"chr1",47727950,47742450,1,"Zm00001d028824","chr1",47729362,0.000129678006271729
"chr10",50626750,50676750,0,"","chr10",50652561,0.000131651981673641
"chr6",168801250,168831450,2,"Zm00001d039019;Zm00001d039020","chr6",168828978,0.000131673748760559
"chr5",111613250,111742450,1,"Zm00001d015717","chr5",111737182,0.000132079932775726
"chr3",164728950,165735150,5,"Zm00001d042399;Zm00001d042400;Zm00001d042401;Zm00001d042402;Zm00001d042403","chr3",164749018,0.000132576598905304
"chr2",16416550,16534250,4,"Zm00001d002599;Zm00001d002600;Zm00001d002601;Zm00001d002602","chr2",16418105,0.000134455135325998
"chr4",227436250,227541050,1,"Zm00001d053358","chr4",227482664,0.00013749477859711
"chr4",213279150,213424250,2,"Zm00001d053092;Zm00001d053093","chr4",213329205,0.000139642770600987
"chr5",7954350,7978150,1,"Zm00001d013294","chr5",7977427,0.000140170077304255
"chr4",164407150,164464350,1,"Zm00001d051608","chr4",164425946,0.000140359819119063
"chr10",114822450,114828650,0,"","chr10",114827040,0.000140477043159825
"chr7",119736750,119803850,4,"Zm00001d020507;Zm00001d020510;Zm00001d020511;Zm00001d020512","chr7",119795082,0.000144023003171151
"chr10",116159750,116179050,1,"Zm00001d025374","chr10",116160164,0.000145346088924835
"chr10",139138850,139205350,1,"Zm00001d026127","chr10",139143259,0.000146420425609238
"chr6",149357150,149395750,0,"","chr6",149374483,0.000146793784642481
"chr10",115163650,115196950,1,"Zm00001d025352","chr10",115195508,0.000148328968677064
"chr6",25983050,26346650,2,"Zm00001d035447;Zm00001d035450","chr6",25985922,0.000148683422101594
"chr2",63917150,64063550,2,"Zm00001d003866;Zm00001d003867","chr2",63970352,0.000148728433475474
"chr10",98112450,98127250,1,"Zm00001d024990","chr10",98113428,0.000149507432532767
"chr6",106828950,106922150,4,"Zm00001d036936;Zm00001d036940;Zm00001d036941;Zm00001d036942","chr6",106890240,0.000149819780471145
"chr6",168243050,168306150,5,"Zm00001d038987;Zm00001d038988;Zm00001d038989;Zm00001d038990;Zm00001d038991","chr6",168303383,0.000150797475300055
"chr2",76924550,77342550,0,"","chr2",77319733,0.000151823867648049
"chr2",53411850,53525950,2,"Zm00001d003672;Zm00001d003673","chr2",53487582,0.000154278141210184
"chr2",203856350,203933950,3,"Zm00001d006293;Zm00001d006294;Zm00001d006295","chr2",203860147,0.000154810291760936
"chr2",53525950,53656450,1,"Zm00001d003674","chr2",53591629,0.000154933299640907
"chr10",55710250,55744250,1,"Zm00001d024203","chr10",55742840,0.000155479146556432
"chr2",21879250,21944250,1,"Zm00001d002761","chr2",21898443,0.000156467609603994
"chr3",194012750,194039450,1,"Zm00001d043274","chr3",194031449,0.00015733126364487
"chr2",20507650,20530150,4,"Zm00001d002723;Zm00001d002724;Zm00001d002725;Zm00001d002726","chr2",20518254,0.000160144557836181
"chr2",223578250,223623050,3,"Zm00001d007161;Zm00001d007162;Zm00001d007163","chr2",223602708,0.000160781022203973
"chr7",12665950,12770950,3,"Zm00001d019004;Zm00001d019005;Zm00001d019006","chr7",12686613,0.000163217989617044
"chr10",138311450,138350050,0,"","chr10",138349652,0.000166134999467
"chr1",280870650,280900450,1,"Zm00001d034004","chr1",280900204,0.000166422834362625
"chr9",151062350,151068350,1,"Zm00001d048154","chr9",151065969,0.000168814302898989
"chr2",187052750,187184650,2,"Zm00001d005763;Zm00001d005764","chr2",187148428,0.00017108376945557
"chr7",131292050,131423050,1,"Zm00001d020757","chr7",131306576,0.00017124467398448
"chr10",19953950,20004650,2,"Zm00001d023781;Zm00001d023783","chr10",19954076,0.000172010967488266
"chr10",64641450,64671650,1,"Zm00001d024325","chr10",64670530,0.000172190512430433
"chr4",13861950,14028650,6,"Zm00001d049048;Zm00001d049049;Zm00001d049050;Zm00001d049051;Zm00001d049052;Zm00001d049053","chr4",13883940,0.000172443391792913
"chr10",1810850,1815150,1,"Zm00001d023273","chr10",1812165,0.000181057224495419
"chr7",131195750,131292050,4,"Zm00001d020751;Zm00001d020752;Zm00001d020754;Zm00001d020755","chr7",131257044,0.000182223124869077
"chr5",57736950,57815850,2,"Zm00001d014657;Zm00001d014658","chr5",57813302,0.000182441301094232
"chr6",146495950,146577250,4,"Zm00001d038054;Zm00001d038056;Zm00001d038057;Zm00001d038058","chr6",146557250,0.00018255390964714
"chr2",9641550,9679250,2,"Zm00001d002290;Zm00001d002292","chr2",9665376,0.000182656403423654
"chr4",68087650,68213750,3,"Zm00001d050131;Zm00001d050132;Zm00001d050133","chr4",68205400,0.000183429205687903
"chr2",241356650,241400750,2,"Zm00001d007870;Zm00001d007871","chr2",241393443,0.00018415149541408
